Experiment,Cell,Molecule Name,IC50 (Num) (uM),IC50 (Mod),Hill (Num),PGP,Hour_after,IC90 (Num) (uM),IC90 (Mod)
Mavda,TMPRSS2,ASAP-0015637,6.96,=,-3.31,0,,,
Mavda,TMPRSS2,ASAP-0015637,5.52,=,-3.38,0,,,
Mavda,TMPRSS2,ASAP-0013722,0.287,=,-2.34,0,,,
Mavda,TMPRSS2,ASAP-0013722,0.215,=,-2.31,0,,,
Mavda,TMPRSS2,ASAP-0013414,0.411,=,-2.62,0,,,
Mavda,TMPRSS2,ASAP-0013414,0.341,=,-2.98,0,,,
Mavda,TMPRSS2,ASAP-0013398,0.653,=,-3.49,0,,,
Mavda,TMPRSS2,ASAP-0013398,0.579,=,-3.56,0,,,
Mavda,TMPRSS2,ASAP-0013299,8.33,=,-2.59,0,,,
Mavda,TMPRSS2,ASAP-0013299,7.32,=,-2.62,0,,,
Mavda,TMPRSS2,ASAP-0013298,36,>,-1.31,0,,,
Mavda,TMPRSS2,ASAP-0013298,36,>,-3.84,0,,,
Mavda,TMPRSS2,ASAP-0013273,2.59,=,-3.15,0,,,
Mavda,TMPRSS2,ASAP-0013273,2.73,=,-2.57,0,,,
Mavda,TMPRSS2,ASAP-0013265,9.97,=,-3.22,0,,,
Mavda,TMPRSS2,ASAP-0013265,9.35,=,-3.67,0,,,
Mavda,TMPRSS2,ASAP-0012337,17.8,=,-8.7,0,,,
Mavda,TMPRSS2,ASAP-0012337,36,=,-2.92,0,,,
Mavda,TMPRSS2,ASAP-0011485,12.3,=,-16.6,0,,,
Mavda,TMPRSS2,ASAP-0011485,12.6,=,-3.68,0,,,
Mavda,TMPRSS2,ASAP-0011141,2.31,=,-2.79,0,,,
Mavda,TMPRSS2,ASAP-0011141,2.21,=,-2.72,0,,,
Mavda,TMPRSS2,ASAP-0011138,13.1,=,-10.7,0,,,
Mavda,TMPRSS2,ASAP-0011138,13,=,-11.1,0,,,
Mavda,TMPRSS2,ASAP-0011137,10.9,=,-2.19,0,,,
Mavda,TMPRSS2,ASAP-0011137,9.55,=,-2.99,0,,,
Mavda,TMPRSS2,ASAP-0011129,2.18,=,-2.07,0,,,
Mavda,TMPRSS2,ASAP-0011129,2.28,=,-2.32,0,,,
Mavda,TMPRSS2,ASAP-0000733,2.66,=,-2.2,0,,,
Mavda,TMPRSS2,ASAP-0000733,2.56,=,-2.33,0,,,
Mavda,TMPRSS2,ASAP-0000370,4.2,=,-6.4,0,,,
Mavda,TMPRSS2,ASAP-0000370,3.59,=,-4.73,0,,,
Mavda,TMPRSS2,ASAP-0015679,1.33,=,-11.6,1,48,,
Mavda,TMPRSS2,ASAP-0015679,1.28,=,-2.65,1,48,,
Mavda,TMPRSS2,ASAP-0015677,0.608,=,-2.28,1,48,,
Mavda,TMPRSS2,ASAP-0015677,0.387,=,-1.9,1,48,,
Mavda,TMPRSS2,ASAP-0015672,0.356,=,-1.15,1,48,,
Mavda,TMPRSS2,ASAP-0015672,0.43,=,-2.65,1,48,,
Mavda,TMPRSS2,ASAP-0015666,1.39,=,-9.76,1,48,,
Mavda,TMPRSS2,ASAP-0015666,1.45,=,-6.56,1,48,,
Mavda,TMPRSS2,ASAP-0015663,0.623,=,-3.27,1,48,,
Mavda,TMPRSS2,ASAP-0015663,0.378,=,-1.06,1,48,,
Mavda,TMPRSS2,ASAP-0015660,0.467,=,-4.78,1,48,,
Mavda,TMPRSS2,ASAP-0015660,0.507,=,-5.37,1,48,,
Mavda,TMPRSS2,ASAP-0015657,1.42,=,-9.28,1,48,,
Mavda,TMPRSS2,ASAP-0015657,1.35,=,-2.81,1,48,,
Mavda,TMPRSS2,ASAP-0015656,0.411,=,-14,1,48,,
Mavda,TMPRSS2,ASAP-0015656,0.351,=,-2.47,1,48,,
Mavda,TMPRSS2,ASAP-0015648,1.89,=,-9.56,1,48,,
Mavda,TMPRSS2,ASAP-0015648,1.49,=,-16,1,48,,
Mavda,TMPRSS2,ASAP-0015638,1.2,=,-13.6,1,48,,
Mavda,TMPRSS2,ASAP-0015638,0.937,=,-4.11,1,48,,
Mavda,TMPRSS2,ASAP-0015637,0.092,=,-1.81,1,48,,
Mavda,TMPRSS2,ASAP-0015637,0.134,=,-14.3,1,48,,
Mavda,TMPRSS2,ASAP-0015637,0.133,=,-1.88,1,48,,
Mavda,TMPRSS2,ASAP-0015637,0.124,=,-2.19,1,48,,
Mavda,TMPRSS2,ASAP-0015637,0.138,=,-1.92,1,48,,
Mavda,TMPRSS2,ASAP-0015517,0.829,=,-2.42,1,48,,
Mavda,TMPRSS2,ASAP-0015517,1.27,=,-14.1,1,48,,
Mavda,TMPRSS2,ASAP-0015514,0.839,=,-3.32,1,48,,
Mavda,TMPRSS2,ASAP-0015514,1.23,=,-14.7,1,48,,
Mavda,TMPRSS2,ASAP-0015512,0.841,=,-2.94,1,48,,
Mavda,TMPRSS2,ASAP-0015512,1.45,=,-3.34,1,48,,
Mavda,TMPRSS2,ASAP-0015508,0.545,=,-2.77,1,48,,
Mavda,TMPRSS2,ASAP-0015508,1.16,=,-13.8,1,48,,
Mavda,TMPRSS2,ASAP-0015376,0.503,=,-2.91,1,48,,
Mavda,TMPRSS2,ASAP-0015376,0.526,=,-2.53,1,48,,
Mavda,TMPRSS2,ASAP-0015294,0.761,=,-2.75,1,48,,
Mavda,TMPRSS2,ASAP-0015294,0.734,=,-3.9,1,48,,
Mavda,TMPRSS2,ASAP-0015242,0.644,=,-2.38,1,48,,
Mavda,TMPRSS2,ASAP-0015242,1.04,=,-3.24,1,48,,
Mavda,TMPRSS2,ASAP-0015239,1.98,=,-4.44,1,48,,
Mavda,TMPRSS2,ASAP-0015239,3.63,=,-12.9,1,48,,
Mavda,TMPRSS2,ASAP-0015229,0.475,=,-1.9,1,48,,
Mavda,TMPRSS2,ASAP-0015229,0.929,=,-5.16,1,48,,
Mavda,TMPRSS2,ASAP-0015227,0.428,=,-6.55,1,48,,
Mavda,TMPRSS2,ASAP-0015227,0.468,=,-11.9,1,48,,
Mavda,TMPRSS2,ASAP-0015225,1.36,=,-4.68,1,48,,
Mavda,TMPRSS2,ASAP-0015225,1.32,=,-3.36,1,48,,
Mavda,TMPRSS2,ASAP-0015223,0.786,=,-3.03,1,48,,
Mavda,TMPRSS2,ASAP-0015223,1.3,=,-14.1,1,48,,
Mavda,TMPRSS2,ASAP-0015108,3.5,=,-21.3,1,48,,
Mavda,TMPRSS2,ASAP-0015108,1.19,=,-4.04,1,48,,
Mavda,TMPRSS2,ASAP-0015099,0.593,=,-3.76,1,48,,
Mavda,TMPRSS2,ASAP-0015099,0.542,=,-3.26,1,48,,
Mavda,TMPRSS2,ASAP-0015096,0.821,=,-4.02,1,48,,
Mavda,TMPRSS2,ASAP-0015096,0.636,=,-3.85,1,48,,
Mavda,TMPRSS2,ASAP-0015092,0.601,=,-3.32,1,48,,
Mavda,TMPRSS2,ASAP-0015092,0.33,=,-2.33,1,48,,
Mavda,TMPRSS2,ASAP-0015085,0.764,=,-3.09,1,48,,
Mavda,TMPRSS2,ASAP-0015085,0.686,=,-2.44,1,48,,
Mavda,TMPRSS2,ASAP-0014973,1.41,=,-14.4,1,48,,
Mavda,TMPRSS2,ASAP-0014973,8.47,=,-1.91,1,48,,
Mavda,TMPRSS2,ASAP-0014970,0.307,=,-3.22,1,48,,
Mavda,TMPRSS2,ASAP-0014970,0.42,=,-9.77,1,48,,
Mavda,TMPRSS2,ASAP-0014966,1.85,=,-3.36,1,48,,
Mavda,TMPRSS2,ASAP-0014966,2.02,=,-3.6,1,48,,
Mavda,TMPRSS2,ASAP-0014963,9.77,=,-1.27,1,48,,
Mavda,TMPRSS2,ASAP-0014963,11.9,=,-9.22,1,48,,
Mavda,TMPRSS2,ASAP-0014948,2.02,=,-3.59,1,48,,
Mavda,TMPRSS2,ASAP-0014948,2.22,=,-3.67,1,48,,
Mavda,TMPRSS2,ASAP-0014936,1.72,=,-2.7,1,48,,
Mavda,TMPRSS2,ASAP-0014936,2.22,=,-3.4,1,48,,
Mavda,TMPRSS2,ASAP-0014925,0.277,=,-4.13,1,48,,
Mavda,TMPRSS2,ASAP-0014925,0.188,=,-4.78,1,48,,
Mavda,TMPRSS2,ASAP-0014900,0.938,=,-4.89,1,48,,
Mavda,TMPRSS2,ASAP-0014900,0.58,=,-3.74,1,48,,
Mavda,TMPRSS2,ASAP-0014889,36,>,,1,48,,
Mavda,TMPRSS2,ASAP-0014889,36,>,,1,48,,
Mavda,TMPRSS2,ASAP-0014888,36,>,-0.419,1,48,,
Mavda,TMPRSS2,ASAP-0014888,12.3,=,-11.5,1,48,,
Mavda,TMPRSS2,ASAP-0014882,3.88,=,-13.7,1,48,,
Mavda,TMPRSS2,ASAP-0014882,3.43,=,-8.67,1,48,,
Mavda,TMPRSS2,ASAP-0014881,2.58,=,-4.34,1,48,,
Mavda,TMPRSS2,ASAP-0014881,1.48,=,-3.49,1,48,,
Mavda,TMPRSS2,ASAP-0014791,10.5,=,-3.2,1,48,,
Mavda,TMPRSS2,ASAP-0014791,7.85,=,-3.81,1,48,,
Mavda,TMPRSS2,ASAP-0014789,3.44,=,-14.8,1,48,,
Mavda,TMPRSS2,ASAP-0014789,2.41,=,-4.27,1,48,,
Mavda,TMPRSS2,ASAP-0014784,4.18,=,-2.31,1,48,,
Mavda,TMPRSS2,ASAP-0014784,3.84,=,-4.1,1,48,,
Mavda,TMPRSS2,ASAP-0014776,0.443,=,-13.4,1,48,,
Mavda,TMPRSS2,ASAP-0014776,0.276,=,-3.15,1,48,,
Mavda,TMPRSS2,ASAP-0014773,0.469,=,-3.85,1,48,,
Mavda,TMPRSS2,ASAP-0014773,0.303,=,-2.87,1,48,,
Mavda,TMPRSS2,ASAP-0014770,0.599,=,-5.09,1,48,,
Mavda,TMPRSS2,ASAP-0014770,0.432,=,-11.2,1,48,,
Mavda,TMPRSS2,ASAP-0014764,0.505,=,-2.29,1,48,,
Mavda,TMPRSS2,ASAP-0014764,0.353,=,-2.76,1,48,,
Mavda,TMPRSS2,ASAP-0014762,4.6,=,-2.71,1,48,,
Mavda,TMPRSS2,ASAP-0014762,7.44,=,-4.7,1,48,,
Mavda,TMPRSS2,ASAP-0014758,6.04,=,-3.99,1,48,,
Mavda,TMPRSS2,ASAP-0014758,3.88,=,-2.14,1,48,,
Mavda,TMPRSS2,ASAP-0014753,0.527,=,-3.78,1,48,,
Mavda,TMPRSS2,ASAP-0014753,0.429,=,-5.56,1,48,,
Mavda,TMPRSS2,ASAP-0014750,0.252,=,-3.9,1,48,,
Mavda,TMPRSS2,ASAP-0014750,0.146,=,-2.78,1,48,,
Mavda,TMPRSS2,ASAP-0014745,4.16,=,-11.1,1,48,,
Mavda,TMPRSS2,ASAP-0014745,3.8,=,-11.9,1,48,,
Mavda,TMPRSS2,ASAP-0014717,0.755,=,-3.56,1,48,,
Mavda,TMPRSS2,ASAP-0014717,0.524,=,-2.84,1,48,,
Mavda,TMPRSS2,ASAP-0014632,2.02,=,-3,1,48,,
Mavda,TMPRSS2,ASAP-0014632,1.88,=,-3.4,1,48,,
Mavda,TMPRSS2,ASAP-0014612,5.13,=,-2.74,1,48,,
Mavda,TMPRSS2,ASAP-0014612,4.96,=,-3.04,1,48,,
Mavda,TMPRSS2,ASAP-0014551,4.13,=,-9.6,1,48,,
Mavda,TMPRSS2,ASAP-0014551,3.84,=,,1,48,,
Mavda,TMPRSS2,ASAP-0013925,0.72,=,-3.14,1,48,,
Mavda,TMPRSS2,ASAP-0013925,0.59,=,-3.01,1,48,,
Mavda,TMPRSS2,ASAP-0013898,1.04,=,-2.82,1,48,,
Mavda,TMPRSS2,ASAP-0013898,0.843,=,-3.17,1,48,,
Mavda,TMPRSS2,ASAP-0013894,1.35,=,-11.6,1,48,,
Mavda,TMPRSS2,ASAP-0013894,1.31,=,-15.2,1,48,,
Mavda,TMPRSS2,ASAP-0013892,12.5,=,-1.88,1,48,,
Mavda,TMPRSS2,ASAP-0013892,6.28,=,-2.52,1,48,,
Mavda,TMPRSS2,ASAP-0013891,1.29,=,,1,48,,
Mavda,TMPRSS2,ASAP-0013891,0.986,=,-5.67,1,48,,
Mavda,TMPRSS2,ASAP-0013890,0.783,=,-3.74,1,48,,
Mavda,TMPRSS2,ASAP-0013890,0.621,=,-3.38,1,48,,
Mavda,TMPRSS2,ASAP-0013731,2.22,=,-3.79,1,48,,
Mavda,TMPRSS2,ASAP-0013731,2.32,=,-3.4,1,48,,
Mavda,TMPRSS2,ASAP-0013722,0.145,=,-2.42,1,48,,
Mavda,TMPRSS2,ASAP-0013722,0.187,=,-3.32,1,48,,
Mavda,TMPRSS2,ASAP-0013722,0.246,=,-2.19,1,48,,
Mavda,TMPRSS2,ASAP-0013721,4.37,=,-2.35,1,48,,
Mavda,TMPRSS2,ASAP-0013721,5.1,=,-2.88,1,48,,
Mavda,TMPRSS2,ASAP-0013720,2.85,=,-5.27,1,48,,
Mavda,TMPRSS2,ASAP-0013720,2.78,=,-2.78,1,48,,
Mavda,TMPRSS2,ASAP-0013719,2.87,=,-3.16,1,48,,
Mavda,TMPRSS2,ASAP-0013719,3.92,=,-2.65,1,48,,
Mavda,TMPRSS2,ASAP-0013646,36,>,,1,48,,
Mavda,TMPRSS2,ASAP-0013646,36,>,,1,48,,
Mavda,TMPRSS2,ASAP-0013423,1.32,=,-13.9,1,48,,
Mavda,TMPRSS2,ASAP-0013423,1.93,=,-3.43,1,48,,
Mavda,TMPRSS2,ASAP-0013414,0.185,=,-2.6,1,48,,
Mavda,TMPRSS2,ASAP-0013414,0.35,=,-2.11,1,48,,
Mavda,TMPRSS2,ASAP-0013414,0.362,=,-5.36,1,48,,
Mavda,TMPRSS2,ASAP-0013413,1.15,=,-4.49,1,48,,
Mavda,TMPRSS2,ASAP-0013413,1.33,=,-17.4,1,48,,
Mavda,TMPRSS2,ASAP-0013412,2.31,=,-8.31,1,48,,
Mavda,TMPRSS2,ASAP-0013412,3.06,=,-24.8,1,48,,
Mavda,TMPRSS2,ASAP-0013407,1.15,=,-15.6,1,48,,
Mavda,TMPRSS2,ASAP-0013407,1.37,=,-12.7,1,48,,
Mavda,TMPRSS2,ASAP-0013405,1.37,=,-17.1,1,48,,
Mavda,TMPRSS2,ASAP-0013405,2.01,=,-3.8,1,48,,
Mavda,TMPRSS2,ASAP-0013398,0.315,=,-2.23,1,48,,
Mavda,TMPRSS2,ASAP-0013398,0.676,=,-3.21,1,48,,
Mavda,TMPRSS2,ASAP-0013398,0.877,=,-3.1,1,48,,
Mavda,TMPRSS2,ASAP-0013397,1.08,=,-5.39,1,48,,
Mavda,TMPRSS2,ASAP-0013397,1.22,=,-10.2,1,48,,
Mavda,TMPRSS2,ASAP-0013307,1.25,=,-13.3,1,48,,
Mavda,TMPRSS2,ASAP-0013307,1.27,=,-14.8,1,48,,
Mavda,TMPRSS2,ASAP-0013305,2.83,=,-3.27,1,48,,
Mavda,TMPRSS2,ASAP-0013305,3.06,=,-2.49,1,48,,
Mavda,TMPRSS2,ASAP-0013301,1.29,=,-8.04,1,48,,
Mavda,TMPRSS2,ASAP-0013301,1.33,=,-11,1,48,,
Mavda,TMPRSS2,ASAP-0013300,1.48,=,-3.8,1,48,,
Mavda,TMPRSS2,ASAP-0013300,2.97,=,-4.1,1,48,,
Mavda,TMPRSS2,ASAP-0013299,0.055,=,-2.61,1,48,,
Mavda,TMPRSS2,ASAP-0013299,0.09,=,-3.36,1,48,,
Mavda,TMPRSS2,ASAP-0013299,0.095,=,-2.78,1,48,,
Mavda,TMPRSS2,ASAP-0013298,0.197,=,-2.7,1,48,,
Mavda,TMPRSS2,ASAP-0013298,0.492,=,-3.23,1,48,,
Mavda,TMPRSS2,ASAP-0013298,0.706,=,-5.33,1,48,,
Mavda,TMPRSS2,ASAP-0013279,36,>,0.758,1,48,,
Mavda,TMPRSS2,ASAP-0013279,36,=,1.52,1,48,,
Mavda,TMPRSS2,ASAP-0013274,1.05,=,-9.64,1,48,,
Mavda,TMPRSS2,ASAP-0013274,1.36,=,-6.8,1,48,,
Mavda,TMPRSS2,ASAP-0013273,0.373,=,-2.84,1,48,,
Mavda,TMPRSS2,ASAP-0013273,0.639,=,-2.66,1,48,,
Mavda,TMPRSS2,ASAP-0013273,0.653,=,-2.83,1,48,,
Mavda,TMPRSS2,ASAP-0013272,1.11,=,-3.72,1,48,,
Mavda,TMPRSS2,ASAP-0013272,1.35,=,-9.72,1,48,,
Mavda,TMPRSS2,ASAP-0013266,4.7,=,-2.42,1,48,,
Mavda,TMPRSS2,ASAP-0013266,5.81,=,-2.33,1,48,,
Mavda,TMPRSS2,ASAP-0013265,0.309,=,-1.86,1,48,,
Mavda,TMPRSS2,ASAP-0013265,0.363,=,-1.35,1,48,,
Mavda,TMPRSS2,ASAP-0013265,0.525,=,-3.35,1,48,,
Mavda,TMPRSS2,ASAP-0013263,1.26,=,-14.6,1,48,,
Mavda,TMPRSS2,ASAP-0013263,2.38,=,-2.56,1,48,,
Mavda,TMPRSS2,ASAP-0013262,1.95,=,-3.77,1,48,,
Mavda,TMPRSS2,ASAP-0013262,2.01,=,-3.18,1,48,,
Mavda,TMPRSS2,ASAP-0013249,1.54,=,-2.93,1,48,,
Mavda,TMPRSS2,ASAP-0013249,2.42,=,-1.8,1,48,,
Mavda,TMPRSS2,ASAP-0012339,2.95,=,-4.16,1,48,,
Mavda,TMPRSS2,ASAP-0012339,3.52,=,-8.97,1,48,,
Mavda,TMPRSS2,ASAP-0012337,0.362,=,-2.33,1,48,,
Mavda,TMPRSS2,ASAP-0012337,0.742,=,-4.26,1,48,,
Mavda,TMPRSS2,ASAP-0012337,0.949,=,-3.97,1,48,,
Mavda,TMPRSS2,ASAP-0012335,1.13,=,-14.6,1,48,,
Mavda,TMPRSS2,ASAP-0012335,1.24,=,-14.3,1,48,,
Mavda,TMPRSS2,ASAP-0012333,1.32,=,,1,48,,
Mavda,TMPRSS2,ASAP-0012333,1.29,=,-6.89,1,48,,
Mavda,TMPRSS2,ASAP-0012331,2.19,=,-4.09,1,48,,
Mavda,TMPRSS2,ASAP-0012331,2.33,=,-2.95,1,48,,
Mavda,TMPRSS2,ASAP-0011528,0.832,=,-3.36,1,48,,
Mavda,TMPRSS2,ASAP-0011528,0.563,=,-3.5,1,48,,
Mavda,TMPRSS2,ASAP-0011513,1.21,=,-9.58,1,48,,
Mavda,TMPRSS2,ASAP-0011513,1.2,=,-9.33,1,48,,
Mavda,TMPRSS2,ASAP-0011485,0.739,=,-2.89,1,48,,
Mavda,TMPRSS2,ASAP-0011485,0.341,=,-1.35,1,48,,
Mavda,TMPRSS2,ASAP-0011485,0.522,=,-1.08,1,48,,
Mavda,TMPRSS2,ASAP-0011445,0.643,=,-2.36,1,48,,
Mavda,TMPRSS2,ASAP-0011445,1.02,=,-3.23,1,48,,
Mavda,TMPRSS2,ASAP-0011430,2.67,=,-2.5,1,48,,
Mavda,TMPRSS2,ASAP-0011430,3.97,=,-2.25,1,48,,
Mavda,TMPRSS2,ASAP-0011368,2.8,=,-3.4,1,48,,
Mavda,TMPRSS2,ASAP-0011368,3.27,=,-2.99,1,48,,
Mavda,TMPRSS2,ASAP-0011359,1.16,=,-14.7,1,48,,
Mavda,TMPRSS2,ASAP-0011359,1.2,=,-14.8,1,48,,
Mavda,TMPRSS2,ASAP-0011347,2.46,=,-2.65,1,48,,
Mavda,TMPRSS2,ASAP-0011347,2.64,=,-1.73,1,48,,
Mavda,TMPRSS2,ASAP-0011343,1.23,=,-8.34,1,48,,
Mavda,TMPRSS2,ASAP-0011343,1.29,=,-11.1,1,48,,
Mavda,TMPRSS2,ASAP-0011202,4.55,=,-21.2,1,48,,
Mavda,TMPRSS2,ASAP-0011202,5.52,=,-5.95,1,48,,
Mavda,TMPRSS2,ASAP-0011200,8.61,=,-3.04,1,48,,
Mavda,TMPRSS2,ASAP-0011200,8.02,=,-3.9,1,48,,
Mavda,TMPRSS2,ASAP-0011143,2.97,=,-2.99,1,48,,
Mavda,TMPRSS2,ASAP-0011143,2.58,=,-2.67,1,48,,
Mavda,TMPRSS2,ASAP-0011141,0.964,=,-2.26,1,48,,
Mavda,TMPRSS2,ASAP-0011141,0.487,=,-1.25,1,48,,
Mavda,TMPRSS2,ASAP-0011141,0.635,=,-1.38,1,48,,
Mavda,TMPRSS2,ASAP-0011140,2.28,=,-1.55,1,48,,
Mavda,TMPRSS2,ASAP-0011140,2.98,=,-2.76,1,48,,
Mavda,TMPRSS2,ASAP-0011139,6.98,=,-2.19,1,48,,
Mavda,TMPRSS2,ASAP-0011139,9.1,=,-3.47,1,48,,
Mavda,TMPRSS2,ASAP-0011138,0.849,=,-3.12,1,48,,
Mavda,TMPRSS2,ASAP-0011138,0.736,=,-1.12,1,48,,
Mavda,TMPRSS2,ASAP-0011138,0.901,=,-1.08,1,48,,
Mavda,TMPRSS2,ASAP-0011137,0.281,=,-2.51,1,48,,
Mavda,TMPRSS2,ASAP-0011137,0.131,=,-5.96,1,48,,
Mavda,TMPRSS2,ASAP-0011137,0.11,=,-2.28,1,48,,
Mavda,TMPRSS2,ASAP-0011133,4.42,=,-3.13,1,48,,
Mavda,TMPRSS2,ASAP-0011133,5.96,=,-2.6,1,48,,
Mavda,TMPRSS2,ASAP-0011129,0.293,=,-2.29,1,48,,
Mavda,TMPRSS2,ASAP-0011129,0.528,=,-2.34,1,48,,
Mavda,TMPRSS2,ASAP-0011129,0.693,=,-2.93,1,48,,
Mavda,TMPRSS2,ASAP-0011124,3.81,=,,1,48,,
Mavda,TMPRSS2,ASAP-0011124,3.17,=,-5.12,1,48,,
Mavda,TMPRSS2,ASAP-0011059,1.8,=,-3.14,1,48,,
Mavda,TMPRSS2,ASAP-0011059,1.9,=,-3.31,1,48,,
Mavda,TMPRSS2,ASAP-0011049,2.56,=,-3.71,1,48,,
Mavda,TMPRSS2,ASAP-0011049,2.15,=,-2.3,1,48,,
Mavda,TMPRSS2,ASAP-0011034,2.9,=,-2.95,1,48,,
Mavda,TMPRSS2,ASAP-0011034,3.47,=,-2.45,1,48,,
Mavda,TMPRSS2,ASAP-0010750,36,>,,1,48,,
Mavda,TMPRSS2,ASAP-0010750,36,=,,1,48,,
Mavda,TMPRSS2,ASAP-0010743,1.51,=,-5.62,1,48,,
Mavda,TMPRSS2,ASAP-0010743,1.66,=,-4.59,1,48,,
Mavda,TMPRSS2,ASAP-0010738,13.9,=,-1.6,1,48,,
Mavda,TMPRSS2,ASAP-0010738,22.9,=,-1.38,1,48,,
Mavda,TMPRSS2,ASAP-0010736,36,>,,1,48,,
Mavda,TMPRSS2,ASAP-0010736,36,=,,1,48,,
Mavda,TMPRSS2,ASAP-0010734,36,>,-0.556,1,48,,
Mavda,TMPRSS2,ASAP-0010734,36,=,,1,48,,
Mavda,TMPRSS2,ASAP-0010721,36,>,-10.7,1,48,,
Mavda,TMPRSS2,ASAP-0010721,36,=,-1.03,1,48,,
Mavda,TMPRSS2,ASAP-0010712,5.55,=,-2.52,1,48,,
Mavda,TMPRSS2,ASAP-0010712,6.3,=,-2.84,1,48,,
Mavda,TMPRSS2,ASAP-0010711,3.7,=,-2.82,1,48,,
Mavda,TMPRSS2,ASAP-0010711,4.58,=,-2.03,1,48,,
Mavda,TMPRSS2,ASAP-0008675,4.5,=,-2.3,1,48,,
Mavda,TMPRSS2,ASAP-0008675,6.72,=,-2.57,1,48,,
Mavda,TMPRSS2,ASAP-0008672,3.81,=,-2.91,1,48,,
Mavda,TMPRSS2,ASAP-0008672,3.56,=,-2.56,1,48,,
Mavda,TMPRSS2,ASAP-0008669,3.76,=,-4.44,1,48,,
Mavda,TMPRSS2,ASAP-0008669,4.22,=,-2.58,1,48,,
Mavda,TMPRSS2,ASAP-0008665,1.95,=,-2.82,1,48,,
Mavda,TMPRSS2,ASAP-0008665,3.02,=,-3.57,1,48,,
Mavda,TMPRSS2,ASAP-0008653,10.8,=,-4.02,1,48,,
Mavda,TMPRSS2,ASAP-0008653,9.14,=,-2.62,1,48,,
Mavda,TMPRSS2,ASAP-0008642,13.6,=,-8.49,1,48,,
Mavda,TMPRSS2,ASAP-0008642,10.8,=,-2.74,1,48,,
Mavda,TMPRSS2,ASAP-0008639,5.15,=,-2.25,1,48,,
Mavda,TMPRSS2,ASAP-0008639,5.43,=,-2.4,1,48,,
Mavda,TMPRSS2,ASAP-0008502,2.87,=,-3.58,1,48,,
Mavda,TMPRSS2,ASAP-0008502,2.85,=,-2.81,1,48,,
Mavda,TMPRSS2,ASAP-0008489,5.59,=,-2.55,1,48,,
Mavda,TMPRSS2,ASAP-0008489,7.32,=,-2.44,1,48,,
Mavda,TMPRSS2,ASAP-0008479,7.3,=,-2.48,1,48,,
Mavda,TMPRSS2,ASAP-0008479,10.5,=,-2.56,1,48,,
Mavda,TMPRSS2,ASAP-0008452,12.6,=,-10.4,1,48,,
Mavda,TMPRSS2,ASAP-0008452,24.1,=,-1.76,1,48,,
Mavda,TMPRSS2,ASAP-0008451,11.5,=,-13,1,48,,
Mavda,TMPRSS2,ASAP-0008451,12.5,=,-6.8,1,48,,
Mavda,TMPRSS2,ASAP-0008420,2.73,=,-2.08,1,48,,
Mavda,TMPRSS2,ASAP-0008420,4.32,=,-2.31,1,48,,
Mavda,TMPRSS2,ASAP-0008411,7.8,=,-2.66,1,48,,
Mavda,TMPRSS2,ASAP-0008411,9.38,=,-2.53,1,48,,
Mavda,TMPRSS2,ASAP-0008330,3.97,=,-13.3,1,48,,
Mavda,TMPRSS2,ASAP-0008330,6.71,=,-2.44,1,48,,
Mavda,TMPRSS2,ASAP-0008315,36,>,-0.529,1,48,,
Mavda,TMPRSS2,ASAP-0008315,36,=,,1,48,,
Mavda,TMPRSS2,ASAP-0008314,3.91,=,-7.45,1,48,,
Mavda,TMPRSS2,ASAP-0008314,3.41,=,-2.88,1,48,,
Mavda,TMPRSS2,ASAP-0008258,5.69,=,-2.34,1,48,,
Mavda,TMPRSS2,ASAP-0008258,6.12,=,-2.18,1,48,,
Mavda,TMPRSS2,ASAP-0000774,1.24,=,-15.2,1,48,,
Mavda,TMPRSS2,ASAP-0000774,1.92,=,-2.78,1,48,,
Mavda,TMPRSS2,ASAP-0000738,1.69,=,-3.12,1,48,,
Mavda,TMPRSS2,ASAP-0000738,1.71,=,-2.85,1,48,,
Mavda,TMPRSS2,ASAP-0000734,8.3,=,-1.95,1,48,,
Mavda,TMPRSS2,ASAP-0000734,7.19,=,-1.75,1,48,,
Mavda,TMPRSS2,ASAP-0000733,0.733,=,-3.67,1,48,,
Mavda,TMPRSS2,ASAP-0000733,0.458,=,-10,1,48,,
Mavda,TMPRSS2,ASAP-0000733,0.296,=,-2.25,1,48,,
Mavda,TMPRSS2,ASAP-0000733,0.354,=,-3.45,1,48,,
Mavda,TMPRSS2,ASAP-0000733,0.623,=,-2.28,1,48,,
Mavda,TMPRSS2,ASAP-0000580,5.89,=,-2.9,1,48,,
Mavda,TMPRSS2,ASAP-0000580,5.58,=,-2.96,1,48,,
Mavda,TMPRSS2,ASAP-0000541,2.38,=,-2.52,1,48,,
Mavda,TMPRSS2,ASAP-0000541,2.83,=,-2.36,1,48,,
Mavda,TMPRSS2,ASAP-0000528,12.7,=,-6.04,1,48,,
Mavda,TMPRSS2,ASAP-0000528,36,=,-1.55,1,48,,
Mavda,TMPRSS2,ASAP-0000526,1.76,=,-4.01,1,48,,
Mavda,TMPRSS2,ASAP-0000526,3.39,=,-1.72,1,48,,
Mavda,TMPRSS2,ASAP-0000523,10.5,=,-3.48,1,48,,
Mavda,TMPRSS2,ASAP-0000523,12,=,-3.06,1,48,,
Mavda,TMPRSS2,ASAP-0000375,1.4,=,-5.26,1,48,,
Mavda,TMPRSS2,ASAP-0000375,2,=,-3.65,1,48,,
Mavda,TMPRSS2,ASAP-0000374,1.39,=,-9.12,1,48,,
Mavda,TMPRSS2,ASAP-0000374,1.77,=,-3.77,1,48,,
Mavda,TMPRSS2,ASAP-0000373,1.75,=,-2.2,1,48,,
Mavda,TMPRSS2,ASAP-0000373,1.82,=,-2.41,1,48,,
Mavda,TMPRSS2,ASAP-0000372,1.42,=,-5.14,1,48,,
Mavda,TMPRSS2,ASAP-0000372,2.34,=,-3.57,1,48,,
Mavda,TMPRSS2,ASAP-0000370,0.128,=,-3.8,1,48,,
Mavda,TMPRSS2,ASAP-0000370,0.137,=,-2.2,1,48,,
Mavda,TMPRSS2,ASAP-0000370,0.072,=,-3.42,1,48,,
Mavda,TMPRSS2,ASAP-0000370,0.075,=,-2.86,1,48,,
Mavda,TMPRSS2,ASAP-0000370,0.096,=,-2.64,1,48,,
Mavda,TMPRSS2,ASAP-0000272,1.01,=,-4.43,1,48,,
Mavda,TMPRSS2,ASAP-0000272,1.26,=,-14.8,1,48,,
Mavda,TMPRSS2,ASAP-0000227,12.6,=,-9.07,1,48,,
Mavda,TMPRSS2,ASAP-0000227,12,=,,1,48,,
Mavda,TMPRSS2,ASAP-0000223,14.2,=,-2.2,1,48,,
Mavda,TMPRSS2,ASAP-0000223,17.3,=,-1.41,1,48,,
Mavda,TMPRSS2,ASAP-0000222,12,=,,1,48,,
Mavda,TMPRSS2,ASAP-0000222,25.6,=,-0.921,1,48,,
Mavda,TMPRSS2,ASAP-0000221,15.3,=,-1.4,1,48,,
Mavda,TMPRSS2,ASAP-0000221,12.9,=,-2.1,1,48,,
Mavda,TMPRSS2,ASAP-0000220,5.37,=,-2.28,1,48,,
Mavda,TMPRSS2,ASAP-0000220,4.77,=,-2.48,1,48,,
Mavda,TMPRSS2,ASAP-0000219,14.8,=,-3.2,1,48,,
Mavda,TMPRSS2,ASAP-0000219,19.1,=,-1.58,1,48,,
Mavda,TMPRSS2,ASAP-0000217,13.4,=,-10.6,1,48,,
Mavda,TMPRSS2,ASAP-0000217,11.8,=,-13.1,1,48,,
Mavda,TMPRSS2,ASAP-0000216,9.02,=,-4.94,1,48,,
Mavda,TMPRSS2,ASAP-0000216,8.5,=,-2.71,1,48,,
Mavda,TMPRSS2,ASAP-0000215,7.38,=,-2.4,1,48,,
Mavda,TMPRSS2,ASAP-0000215,8.73,=,-2.86,1,48,,
Mavda,TMPRSS2,ASAP-0000214,36,>,-0.974,1,48,,
Mavda,TMPRSS2,ASAP-0000214,36,=,-1.16,1,48,,
Mavda,TMPRSS2,ASAP-0000212,14.5,=,-5.11,1,48,,
Mavda,TMPRSS2,ASAP-0000212,36,=,-1.44,1,48,,
Mavda,TMPRSS2,ASAP-0000211,8.58,=,-4.19,1,48,,
Mavda,TMPRSS2,ASAP-0000211,7.93,=,-3.24,1,48,,
Mavda,TMPRSS2,ASAP-0000208,5,=,,1,48,,
Mavda,TMPRSS2,ASAP-0000208,8.16,=,-2.39,1,48,,
Mavda,TMPRSS2,ASAP-0000207,6.62,=,-3.14,1,48,,
Mavda,TMPRSS2,ASAP-0000207,7.38,=,-3.72,1,48,,
Mavda,TMPRSS2,ASAP-0000205,7.49,=,-4.68,1,48,,
Mavda,TMPRSS2,ASAP-0000205,7.6,=,-3.36,1,48,,
Mavda,TMPRSS2,ASAP-0000171,11.1,=,-4.98,1,48,,
Mavda,TMPRSS2,ASAP-0000171,11.9,=,-8.33,1,48,,
Mavda,TMPRSS2,ASAP-0000170,36,>,,1,48,,
Mavda,TMPRSS2,ASAP-0000170,36,=,,1,48,,
Mavda,TMPRSS2,ASAP-0000169,36,>,-0.953,1,48,,
Mavda,TMPRSS2,ASAP-0000169,17.8,=,-1.48,1,48,,
Mavda,TMPRSS2,ASAP-0000168,7.39,=,-5.09,1,48,,
Mavda,TMPRSS2,ASAP-0000168,7.66,=,-3.63,1,48,,
Mavda,TMPRSS2,ASAP-0000167,6.57,=,-4.24,1,48,,
Mavda,TMPRSS2,ASAP-0000167,4.96,=,-7,1,48,,
Mavda,TMPRSS2,ASAP-0000165,36,>,,1,48,,
Mavda,TMPRSS2,ASAP-0000165,36,=,-9.87,1,48,,
Mavda,TMPRSS2,ASAP-0000164,14.7,=,-1.74,1,48,,
Mavda,TMPRSS2,ASAP-0000164,15.2,=,-1.62,1,48,,
Mavda,TMPRSS2,ASAP-0000163,20.9,=,-1.51,1,48,,
Mavda,TMPRSS2,ASAP-0000163,9.91,=,-1.99,1,48,,
Mavda,TMPRSS2,ASAP-0000161,5.07,=,-5.52,1,48,,
Mavda,TMPRSS2,ASAP-0000161,6.07,=,-3.07,1,48,,
Mavda,TMPRSS2,ASAP-0000160,6.84,=,-3.87,1,48,,
Mavda,TMPRSS2,ASAP-0000160,8.48,=,-5.15,1,48,,
Mavda,TMPRSS2,ASAP-0000159,14.4,=,-1.89,1,48,,
Mavda,TMPRSS2,ASAP-0000159,11.3,=,-3.82,1,48,,
Mavda,TMPRSS2,ASAP-0000158,6.71,=,-3.24,1,48,,
Mavda,TMPRSS2,ASAP-0000158,6.85,=,-3.37,1,48,,
Mavda,TMPRSS2,ASAP-0000157,9.04,=,-5.12,1,48,,
Mavda,TMPRSS2,ASAP-0000157,8.86,=,-2.68,1,48,,
Mavda,TMPRSS2,ASAP-0000156,7.27,=,-2.57,1,48,,
Mavda,TMPRSS2,ASAP-0000156,13.7,=,-1.99,1,48,,
Mavda,TMPRSS2,ASAP-0000155,36,>,-1.3,1,48,,
Mavda,TMPRSS2,ASAP-0000155,36,=,-1.53,1,48,,
Mavda,TMPRSS2,ASAP-0000153,1.43,=,-8.57,1,48,,
Mavda,TMPRSS2,ASAP-0000153,1.51,=,-7.63,1,48,,
Mavda,TMPRSS2,ASAP-0000146,36,>,,1,48,,
Mavda,TMPRSS2,ASAP-0000146,36,=,,1,48,,
Mavda,TMPRSS2,ASAP-0000144,6,=,-7.16,1,48,,
Mavda,TMPRSS2,ASAP-0000144,4.73,=,-21.3,1,48,,
Mavda,TMPRSS2,ASAP-0015679,0.641,=,2.87,1,72,,
Mavda,TMPRSS2,ASAP-0015679,0.918,=,2.67,1,72,,
Mavda,TMPRSS2,ASAP-0015677,0.169,=,2.33,1,72,,
Mavda,TMPRSS2,ASAP-0015677,0.184,=,1.81,1,72,,
Mavda,TMPRSS2,ASAP-0015672,0.172,=,2.74,1,72,,
Mavda,TMPRSS2,ASAP-0015672,0.149,=,2.06,1,72,,
Mavda,TMPRSS2,ASAP-0015666,0.703,=,3.24,1,72,,
Mavda,TMPRSS2,ASAP-0015666,0.719,=,1.62,1,72,,
Mavda,TMPRSS2,ASAP-0015663,0.608,=,3.55,1,72,,
Mavda,TMPRSS2,ASAP-0015663,0.526,=,3.2,1,72,,
Mavda,TMPRSS2,ASAP-0015660,0.116,=,2.14,1,72,,
Mavda,TMPRSS2,ASAP-0015660,0.271,=,2.38,1,72,,
Mavda,TMPRSS2,ASAP-0015657,0.595,=,2.48,1,72,,
Mavda,TMPRSS2,ASAP-0015657,0.532,=,2.09,1,72,,
Mavda,TMPRSS2,ASAP-0015656,0.22,=,2.34,1,72,,
Mavda,TMPRSS2,ASAP-0015656,0.279,=,2.36,1,72,,
Mavda,TMPRSS2,ASAP-0015652,36,>,,1,72,,
Mavda,TMPRSS2,ASAP-0015652,36,>,,1,72,,
Mavda,TMPRSS2,ASAP-0015648,0.674,=,3.03,1,72,,
Mavda,TMPRSS2,ASAP-0015648,0.623,=,2.16,1,72,,
Mavda,TMPRSS2,ASAP-0015638,0.739,=,2.47,1,72,,
Mavda,TMPRSS2,ASAP-0015638,0.625,=,2.26,1,72,,
Mavda,TMPRSS2,ASAP-0015637,0.053,=,12.8,1,72,,
Mavda,TMPRSS2,ASAP-0015637,0.054,=,11.5,1,72,,
Mavda,TMPRSS2,ASAP-0015637,0.111,=,2.61,1,72,,
Mavda,TMPRSS2,ASAP-0015637,0.078,=,4.17,1,72,,
Mavda,TMPRSS2,ASAP-0015517,0.844,=,2.59,1,72,,
Mavda,TMPRSS2,ASAP-0015517,0.821,=,2.9,1,72,,
Mavda,TMPRSS2,ASAP-0015514,0.602,=,1.98,1,72,,
Mavda,TMPRSS2,ASAP-0015514,0.606,=,1.56,1,72,,
Mavda,TMPRSS2,ASAP-0015512,0.402,=,1.53,1,72,,
Mavda,TMPRSS2,ASAP-0015512,0.335,=,0.948,1,72,,
Mavda,TMPRSS2,ASAP-0015508,0.395,=,1.59,1,72,,
Mavda,TMPRSS2,ASAP-0015508,0.444,=,2.07,1,72,,
Mavda,TMPRSS2,ASAP-0015376,0.306,=,2.08,1,72,,
Mavda,TMPRSS2,ASAP-0015376,0.33,=,2.29,1,72,,
Mavda,TMPRSS2,ASAP-0015294,0.439,=,12.5,1,72,,
Mavda,TMPRSS2,ASAP-0015294,0.46,=,3.72,1,72,,
Mavda,TMPRSS2,ASAP-0015242,0.702,=,2.62,1,72,,
Mavda,TMPRSS2,ASAP-0015242,0.835,=,2.16,1,72,,
Mavda,TMPRSS2,ASAP-0015239,1.7,=,3.54,1,72,,
Mavda,TMPRSS2,ASAP-0015239,1.38,=,,1,72,,
Mavda,TMPRSS2,ASAP-0015229,0.372,=,2.3,1,72,,
Mavda,TMPRSS2,ASAP-0015229,0.504,=,1.86,1,72,,
Mavda,TMPRSS2,ASAP-0015227,0.305,=,2.2,1,72,,
Mavda,TMPRSS2,ASAP-0015227,0.333,=,1.97,1,72,,
Mavda,TMPRSS2,ASAP-0015225,1.01,=,2.28,1,72,,
Mavda,TMPRSS2,ASAP-0015225,0.682,=,3.25,1,72,,
Mavda,TMPRSS2,ASAP-0015223,0.736,=,2.96,1,72,,
Mavda,TMPRSS2,ASAP-0015223,0.826,=,3.08,1,72,,
Mavda,TMPRSS2,ASAP-0015108,1.61,=,2.52,1,72,,
Mavda,TMPRSS2,ASAP-0015108,0.881,=,3.82,1,72,,
Mavda,TMPRSS2,ASAP-0015099,0.239,=,2.21,1,72,,
Mavda,TMPRSS2,ASAP-0015099,0.208,=,2.3,1,72,,
Mavda,TMPRSS2,ASAP-0015096,0.294,=,1.83,1,72,,
Mavda,TMPRSS2,ASAP-0015096,0.218,=,2.51,1,72,,
Mavda,TMPRSS2,ASAP-0015092,0.259,=,2.58,1,72,,
Mavda,TMPRSS2,ASAP-0015092,0.235,=,9,1,72,,
Mavda,TMPRSS2,ASAP-0015085,0.468,=,14.2,1,72,,
Mavda,TMPRSS2,ASAP-0015085,0.582,=,3.68,1,72,,
Mavda,TMPRSS2,ASAP-0014973,15.6,=,1.68,1,72,,
Mavda,TMPRSS2,ASAP-0014973,17.7,=,2.89,1,72,,
Mavda,TMPRSS2,ASAP-0014970,0.196,=,2.85,1,72,,
Mavda,TMPRSS2,ASAP-0014970,0.246,=,2.83,1,72,,
Mavda,TMPRSS2,ASAP-0014966,1.46,=,1.53,1,72,,
Mavda,TMPRSS2,ASAP-0014966,1.78,=,2.52,1,72,,
Mavda,TMPRSS2,ASAP-0014963,7.25,=,2.02,1,72,,
Mavda,TMPRSS2,ASAP-0014963,7.33,=,3.51,1,72,,
Mavda,TMPRSS2,ASAP-0014948,2.28,=,2.62,1,72,,
Mavda,TMPRSS2,ASAP-0014948,2.16,=,1.92,1,72,,
Mavda,TMPRSS2,ASAP-0014936,2.11,=,2.62,1,72,,
Mavda,TMPRSS2,ASAP-0014936,2.01,=,2.46,1,72,,
Mavda,TMPRSS2,ASAP-0014925,0.161,=,12.7,1,72,,
Mavda,TMPRSS2,ASAP-0014925,0.136,=,12.5,1,72,,
Mavda,TMPRSS2,ASAP-0014900,0.357,=,3.37,1,72,,
Mavda,TMPRSS2,ASAP-0014900,0.302,=,2.57,1,72,,
Mavda,TMPRSS2,ASAP-0014889,36,>,1.5,1,72,,
Mavda,TMPRSS2,ASAP-0014889,36,>,2.21,1,72,,
Mavda,TMPRSS2,ASAP-0014888,18.8,=,2.05,1,72,,
Mavda,TMPRSS2,ASAP-0014888,20.5,=,3.21,1,72,,
Mavda,TMPRSS2,ASAP-0014882,2.59,=,1.98,1,72,,
Mavda,TMPRSS2,ASAP-0014882,1.7,=,1.33,1,72,,
Mavda,TMPRSS2,ASAP-0014881,1.74,=,2.04,1,72,,
Mavda,TMPRSS2,ASAP-0014881,0.956,=,1.99,1,72,,
Mavda,TMPRSS2,ASAP-0014791,6.12,=,2.93,1,72,,
Mavda,TMPRSS2,ASAP-0014791,6.06,=,3.1,1,72,,
Mavda,TMPRSS2,ASAP-0014789,1.4,=,2.4,1,72,,
Mavda,TMPRSS2,ASAP-0014789,1.4,=,2.24,1,72,,
Mavda,TMPRSS2,ASAP-0014784,3.1,=,1.35,1,72,,
Mavda,TMPRSS2,ASAP-0014784,3.39,=,1.75,1,72,,
Mavda,TMPRSS2,ASAP-0014776,0.197,=,3.72,1,72,,
Mavda,TMPRSS2,ASAP-0014776,0.21,=,3.64,1,72,,
Mavda,TMPRSS2,ASAP-0014773,0.238,=,2.77,1,72,,
Mavda,TMPRSS2,ASAP-0014773,0.224,=,3.42,1,72,,
Mavda,TMPRSS2,ASAP-0014770,0.382,=,3.02,1,72,,
Mavda,TMPRSS2,ASAP-0014770,0.246,=,2.57,1,72,,
Mavda,TMPRSS2,ASAP-0014764,0.2,=,4.78,1,72,,
Mavda,TMPRSS2,ASAP-0014764,0.496,=,,1,72,,
Mavda,TMPRSS2,ASAP-0014762,2.23,=,2.46,1,72,,
Mavda,TMPRSS2,ASAP-0014762,2.06,=,1.33,1,72,,
Mavda,TMPRSS2,ASAP-0014758,3.17,=,2.61,1,72,,
Mavda,TMPRSS2,ASAP-0014758,3.26,=,2.06,1,72,,
Mavda,TMPRSS2,ASAP-0014753,0.302,=,2.33,1,72,,
Mavda,TMPRSS2,ASAP-0014753,0.289,=,2.19,1,72,,
Mavda,TMPRSS2,ASAP-0014750,0.116,=,2.61,1,72,,
Mavda,TMPRSS2,ASAP-0014750,0.133,=,6.4,1,72,,
Mavda,TMPRSS2,ASAP-0014745,2.41,=,2.26,1,72,,
Mavda,TMPRSS2,ASAP-0014745,2.5,=,3.03,1,72,,
Mavda,TMPRSS2,ASAP-0014717,0.425,=,2.01,1,72,,
Mavda,TMPRSS2,ASAP-0014717,0.408,=,2.26,1,72,,
Mavda,TMPRSS2,ASAP-0014632,1.63,=,1.74,1,72,,
Mavda,TMPRSS2,ASAP-0014632,2.24,=,2.42,1,72,,
Mavda,TMPRSS2,ASAP-0014612,4.54,=,6,1,72,,
Mavda,TMPRSS2,ASAP-0014612,4.18,=,,1,72,,
Mavda,TMPRSS2,ASAP-0014551,2.56,=,2.24,1,72,,
Mavda,TMPRSS2,ASAP-0014551,2.37,=,1.52,1,72,,
Mavda,TMPRSS2,ASAP-0013925,0.303,=,2.47,1,72,,
Mavda,TMPRSS2,ASAP-0013925,0.33,=,2.11,1,72,,
Mavda,TMPRSS2,ASAP-0013898,0.449,=,12.7,1,72,,
Mavda,TMPRSS2,ASAP-0013898,0.426,=,2.48,1,72,,
Mavda,TMPRSS2,ASAP-0013894,0.687,=,3.2,1,72,,
Mavda,TMPRSS2,ASAP-0013894,0.713,=,2.82,1,72,,
Mavda,TMPRSS2,ASAP-0013892,6.99,=,2.19,1,72,,
Mavda,TMPRSS2,ASAP-0013892,5.9,=,1.62,1,72,,
Mavda,TMPRSS2,ASAP-0013891,0.538,=,2.37,1,72,,
Mavda,TMPRSS2,ASAP-0013891,0.474,=,2.16,1,72,,
Mavda,TMPRSS2,ASAP-0013890,0.347,=,1.63,1,72,,
Mavda,TMPRSS2,ASAP-0013890,0.388,=,2.4,1,72,,
Mavda,TMPRSS2,ASAP-0013731,1.37,=,12.7,1,72,,
Mavda,TMPRSS2,ASAP-0013731,1.35,=,13.6,1,72,,
Mavda,TMPRSS2,ASAP-0013722,0.121,=,1.76,1,72,,
Mavda,TMPRSS2,ASAP-0013722,0.149,=,1.5,1,72,,
Mavda,TMPRSS2,ASAP-0013721,1.89,=,4.15,1,72,,
Mavda,TMPRSS2,ASAP-0013721,3.44,=,2.9,1,72,,
Mavda,TMPRSS2,ASAP-0013720,1.34,=,16.8,1,72,,
Mavda,TMPRSS2,ASAP-0013720,1.53,=,12.3,1,72,,
Mavda,TMPRSS2,ASAP-0013719,1.78,=,6.02,1,72,,
Mavda,TMPRSS2,ASAP-0013719,2.6,=,3.7,1,72,,
Mavda,TMPRSS2,ASAP-0013646,36,>,-2.02,1,72,,
Mavda,TMPRSS2,ASAP-0013646,36,>,-2.36,1,72,,
Mavda,TMPRSS2,ASAP-0013423,1.28,=,12.4,1,72,,
Mavda,TMPRSS2,ASAP-0013423,1.23,=,14.3,1,72,,
Mavda,TMPRSS2,ASAP-0013414,0.192,=,1.7,1,72,,
Mavda,TMPRSS2,ASAP-0013414,0.166,=,1.64,1,72,,
Mavda,TMPRSS2,ASAP-0013413,1.13,=,4.5,1,72,,
Mavda,TMPRSS2,ASAP-0013413,1.23,=,11,1,72,,
Mavda,TMPRSS2,ASAP-0013412,1.74,=,14.2,1,72,,
Mavda,TMPRSS2,ASAP-0013412,3.22,=,13.6,1,72,,
Mavda,TMPRSS2,ASAP-0013407,0.563,=,13.5,1,72,,
Mavda,TMPRSS2,ASAP-0013407,0.781,=,,1,72,,
Mavda,TMPRSS2,ASAP-0013405,1.31,=,30.7,1,72,,
Mavda,TMPRSS2,ASAP-0013405,1.29,=,13,1,72,,
Mavda,TMPRSS2,ASAP-0013398,0.484,=,11.5,1,72,,
Mavda,TMPRSS2,ASAP-0013398,0.505,=,14.1,1,72,,
Mavda,TMPRSS2,ASAP-0013397,0.557,=,15,1,72,,
Mavda,TMPRSS2,ASAP-0013397,0.522,=,13.6,1,72,,
Mavda,TMPRSS2,ASAP-0013307,0.798,=,,1,72,,
Mavda,TMPRSS2,ASAP-0013307,0.605,=,,1,72,,
Mavda,TMPRSS2,ASAP-0013305,1.44,=,12.5,1,72,,
Mavda,TMPRSS2,ASAP-0013305,1.64,=,2.99,1,72,,
Mavda,TMPRSS2,ASAP-0013301,2.15,=,5.58,1,72,,
Mavda,TMPRSS2,ASAP-0013301,1.22,=,10.8,1,72,,
Mavda,TMPRSS2,ASAP-0013300,1.17,=,14.9,1,72,,
Mavda,TMPRSS2,ASAP-0013300,1.24,=,11.3,1,72,,
Mavda,TMPRSS2,ASAP-0013299,0.046,=,16,1,72,,
Mavda,TMPRSS2,ASAP-0013299,0.049,=,15.8,1,72,,
Mavda,TMPRSS2,ASAP-0013298,0.323,=,1.92,1,72,,
Mavda,TMPRSS2,ASAP-0013298,0.471,=,10.7,1,72,,
Mavda,TMPRSS2,ASAP-0013279,36,>,,1,72,,
Mavda,TMPRSS2,ASAP-0013279,36,>,,1,72,,
Mavda,TMPRSS2,ASAP-0013274,0.465,=,2.7,1,72,,
Mavda,TMPRSS2,ASAP-0013274,0.643,=,,1,72,,
Mavda,TMPRSS2,ASAP-0013273,0.46,=,2.6,1,72,,
Mavda,TMPRSS2,ASAP-0013273,0.471,=,9.51,1,72,,
Mavda,TMPRSS2,ASAP-0013272,1.02,=,27.2,1,72,,
Mavda,TMPRSS2,ASAP-0013272,1.14,=,15.1,1,72,,
Mavda,TMPRSS2,ASAP-0013266,2.78,=,2.12,1,72,,
Mavda,TMPRSS2,ASAP-0013266,2.5,=,2.38,1,72,,
Mavda,TMPRSS2,ASAP-0013265,0.284,=,1.2,1,72,,
Mavda,TMPRSS2,ASAP-0013265,0.491,=,2.18,1,72,,
Mavda,TMPRSS2,ASAP-0013263,1.07,=,9.87,1,72,,
Mavda,TMPRSS2,ASAP-0013263,1.2,=,15.5,1,72,,
Mavda,TMPRSS2,ASAP-0013262,1.26,=,19.5,1,72,,
Mavda,TMPRSS2,ASAP-0013262,1.28,=,11.1,1,72,,
Mavda,TMPRSS2,ASAP-0013249,0.936,=,3.94,1,72,,
Mavda,TMPRSS2,ASAP-0013249,0.813,=,3.71,1,72,,
Mavda,TMPRSS2,ASAP-0012339,1.48,=,15,1,72,,
Mavda,TMPRSS2,ASAP-0012339,1.61,=,3.63,1,72,,
Mavda,TMPRSS2,ASAP-0012337,0.589,=,4.02,1,72,,
Mavda,TMPRSS2,ASAP-0012337,0.498,=,11.2,1,72,,
Mavda,TMPRSS2,ASAP-0012335,0.836,=,,1,72,,
Mavda,TMPRSS2,ASAP-0012335,0.514,=,22.4,1,72,,
Mavda,TMPRSS2,ASAP-0012333,1.23,=,16.8,1,72,,
Mavda,TMPRSS2,ASAP-0012333,0.907,=,,1,72,,
Mavda,TMPRSS2,ASAP-0012331,1.05,=,2.91,1,72,,
Mavda,TMPRSS2,ASAP-0012331,1.22,=,4,1,72,,
Mavda,TMPRSS2,ASAP-0011528,0.465,=,2.44,1,72,,
Mavda,TMPRSS2,ASAP-0011528,0.433,=,2.24,1,72,,
Mavda,TMPRSS2,ASAP-0011513,0.525,=,24.2,1,72,,
Mavda,TMPRSS2,ASAP-0011513,0.557,=,16.4,1,72,,
Mavda,TMPRSS2,ASAP-0011485,0.207,=,1.06,1,72,,
Mavda,TMPRSS2,ASAP-0011485,0.109,=,1.87,1,72,,
Mavda,TMPRSS2,ASAP-0011445,0.488,=,13.9,1,72,,
Mavda,TMPRSS2,ASAP-0011445,0.495,=,4.09,1,72,,
Mavda,TMPRSS2,ASAP-0011430,1.36,=,15.1,1,72,,
Mavda,TMPRSS2,ASAP-0011430,2.61,=,2.9,1,72,,
Mavda,TMPRSS2,ASAP-0011368,1.36,=,19.1,1,72,,
Mavda,TMPRSS2,ASAP-0011368,1.52,=,7.49,1,72,,
Mavda,TMPRSS2,ASAP-0011359,0.708,=,,1,72,,
Mavda,TMPRSS2,ASAP-0011359,0.663,=,,1,72,,
Mavda,TMPRSS2,ASAP-0011347,1.14,=,8.43,1,72,,
Mavda,TMPRSS2,ASAP-0011347,1.32,=,17.6,1,72,,
Mavda,TMPRSS2,ASAP-0011343,0.707,=,,1,72,,
Mavda,TMPRSS2,ASAP-0011343,0.427,=,1.71,1,72,,
Mavda,TMPRSS2,ASAP-0011202,4.88,=,2.02,1,72,,
Mavda,TMPRSS2,ASAP-0011202,4.24,=,9.93,1,72,,
Mavda,TMPRSS2,ASAP-0011200,4.49,=,14,1,72,,
Mavda,TMPRSS2,ASAP-0011200,4.5,=,13.9,1,72,,
Mavda,TMPRSS2,ASAP-0011143,2.12,=,2.64,1,72,,
Mavda,TMPRSS2,ASAP-0011143,1.91,=,2.54,1,72,,
Mavda,TMPRSS2,ASAP-0011141,0.322,=,1.05,1,72,,
Mavda,TMPRSS2,ASAP-0011141,0.398,=,0.87,1,72,,
Mavda,TMPRSS2,ASAP-0011140,1.32,=,4.04,1,72,,
Mavda,TMPRSS2,ASAP-0011140,1.4,=,4.11,1,72,,
Mavda,TMPRSS2,ASAP-0011139,3.8,=,3.7,1,72,,
Mavda,TMPRSS2,ASAP-0011139,4.22,=,12.4,1,72,,
Mavda,TMPRSS2,ASAP-0011138,0.228,=,1.23,1,72,,
Mavda,TMPRSS2,ASAP-0011138,0.334,=,1.3,1,72,,
Mavda,TMPRSS2,ASAP-0011137,0.049,=,20,1,72,,
Mavda,TMPRSS2,ASAP-0011137,0.051,=,13.2,1,72,,
Mavda,TMPRSS2,ASAP-0011133,3.18,=,3.16,1,72,,
Mavda,TMPRSS2,ASAP-0011133,4.03,=,19.8,1,72,,
Mavda,TMPRSS2,ASAP-0011129,0.407,=,1.66,1,72,,
Mavda,TMPRSS2,ASAP-0011129,0.491,=,10.9,1,72,,
Mavda,TMPRSS2,ASAP-0011124,1.62,=,4.7,1,72,,
Mavda,TMPRSS2,ASAP-0011124,1.4,=,4.22,1,72,,
Mavda,TMPRSS2,ASAP-0011059,1.3,=,3.62,1,72,,
Mavda,TMPRSS2,ASAP-0011059,1.43,=,2.72,1,72,,
Mavda,TMPRSS2,ASAP-0011049,1.35,=,18.6,1,72,,
Mavda,TMPRSS2,ASAP-0011049,1.4,=,11.6,1,72,,
Mavda,TMPRSS2,ASAP-0011034,1.56,=,13.6,1,72,,
Mavda,TMPRSS2,ASAP-0011034,1.47,=,13.8,1,72,,
Mavda,TMPRSS2,ASAP-0010750,36,>,,1,72,,
Mavda,TMPRSS2,ASAP-0010750,36,>,,1,72,,
Mavda,TMPRSS2,ASAP-0010743,1.25,=,12.2,1,72,,
Mavda,TMPRSS2,ASAP-0010743,1.24,=,12.5,1,72,,
Mavda,TMPRSS2,ASAP-0010738,4.23,=,2.84,1,72,,
Mavda,TMPRSS2,ASAP-0010738,4.18,=,13.6,1,72,,
Mavda,TMPRSS2,ASAP-0010736,36,>,,1,72,,
Mavda,TMPRSS2,ASAP-0010736,36,>,15.6,1,72,,
Mavda,TMPRSS2,ASAP-0010734,36,>,,1,72,,
Mavda,TMPRSS2,ASAP-0010734,36,>,,1,72,,
Mavda,TMPRSS2,ASAP-0010721,36,>,,1,72,,
Mavda,TMPRSS2,ASAP-0010721,36,>,,1,72,,
Mavda,TMPRSS2,ASAP-0010712,4.03,=,16.8,1,72,,
Mavda,TMPRSS2,ASAP-0010712,3.7,=,2.24,1,72,,
Mavda,TMPRSS2,ASAP-0010711,2.26,=,2.63,1,72,,
Mavda,TMPRSS2,ASAP-0010711,2.46,=,2.42,1,72,,
Mavda,TMPRSS2,ASAP-0008675,3.12,=,2.64,1,72,,
Mavda,TMPRSS2,ASAP-0008675,3.74,=,3.2,1,72,,
Mavda,TMPRSS2,ASAP-0008672,2.74,=,3.06,1,72,,
Mavda,TMPRSS2,ASAP-0008672,2.69,=,3.5,1,72,,
Mavda,TMPRSS2,ASAP-0008669,2.38,=,2.56,1,72,,
Mavda,TMPRSS2,ASAP-0008669,3.53,=,3.28,1,72,,
Mavda,TMPRSS2,ASAP-0008665,1.43,=,12.4,1,72,,
Mavda,TMPRSS2,ASAP-0008665,1.39,=,19.5,1,72,,
Mavda,TMPRSS2,ASAP-0008653,4.19,=,11.9,1,72,,
Mavda,TMPRSS2,ASAP-0008653,4.13,=,11.5,1,72,,
Mavda,TMPRSS2,ASAP-0008642,4.79,=,11.3,1,72,,
Mavda,TMPRSS2,ASAP-0008642,7.65,=,6.46,1,72,,
Mavda,TMPRSS2,ASAP-0008639,2.86,=,2.4,1,72,,
Mavda,TMPRSS2,ASAP-0008639,3.96,=,2.46,1,72,,
Mavda,TMPRSS2,ASAP-0008502,1.88,=,2.84,1,72,,
Mavda,TMPRSS2,ASAP-0008502,2.44,=,2.62,1,72,,
Mavda,TMPRSS2,ASAP-0008489,4,=,4.74,1,72,,
Mavda,TMPRSS2,ASAP-0008489,4.09,=,13.2,1,72,,
Mavda,TMPRSS2,ASAP-0008479,4.21,=,12.6,1,72,,
Mavda,TMPRSS2,ASAP-0008479,4.04,=,16.8,1,72,,
Mavda,TMPRSS2,ASAP-0008452,7.06,=,2.48,1,72,,
Mavda,TMPRSS2,ASAP-0008452,7.14,=,2.38,1,72,,
Mavda,TMPRSS2,ASAP-0008451,4.23,=,12.6,1,72,,
Mavda,TMPRSS2,ASAP-0008451,4.21,=,15.5,1,72,,
Mavda,TMPRSS2,ASAP-0008420,1.33,=,19.5,1,72,,
Mavda,TMPRSS2,ASAP-0008420,1.33,=,16.4,1,72,,
Mavda,TMPRSS2,ASAP-0008411,4.15,=,11.8,1,72,,
Mavda,TMPRSS2,ASAP-0008411,4.15,=,14.7,1,72,,
Mavda,TMPRSS2,ASAP-0008330,3.84,=,4.71,1,72,,
Mavda,TMPRSS2,ASAP-0008330,3.86,=,3.42,1,72,,
Mavda,TMPRSS2,ASAP-0008315,36,>,,1,72,,
Mavda,TMPRSS2,ASAP-0008315,36,>,,1,72,,
Mavda,TMPRSS2,ASAP-0008314,1.99,=,3.31,1,72,,
Mavda,TMPRSS2,ASAP-0008314,1.91,=,3.95,1,72,,
Mavda,TMPRSS2,ASAP-0008258,4.05,=,3.98,1,72,,
Mavda,TMPRSS2,ASAP-0008258,4.28,=,14.3,1,72,,
Mavda,TMPRSS2,ASAP-0000774,0.706,=,1.85,1,72,,
Mavda,TMPRSS2,ASAP-0000774,0.932,=,,1,72,,
Mavda,TMPRSS2,ASAP-0000738,1.19,=,3.61,1,72,,
Mavda,TMPRSS2,ASAP-0000738,1.25,=,8.87,1,72,,
Mavda,TMPRSS2,ASAP-0000734,3.34,=,2.68,1,72,,
Mavda,TMPRSS2,ASAP-0000734,3.56,=,3.81,1,72,,
Mavda,TMPRSS2,ASAP-0000733,0.253,=,2.63,1,72,,
Mavda,TMPRSS2,ASAP-0000733,0.216,=,3.18,1,72,,
Mavda,TMPRSS2,ASAP-0000733,0.279,=,1.55,1,72,,
Mavda,TMPRSS2,ASAP-0000733,0.253,=,1.36,1,72,,
Mavda,TMPRSS2,ASAP-0000580,3.44,=,2.64,1,72,,
Mavda,TMPRSS2,ASAP-0000580,3.5,=,2.75,1,72,,
Mavda,TMPRSS2,ASAP-0000541,1.8,=,4.19,1,72,,
Mavda,TMPRSS2,ASAP-0000541,1.41,=,16.1,1,72,,
Mavda,TMPRSS2,ASAP-0000528,5.44,=,2.54,1,72,,
Mavda,TMPRSS2,ASAP-0000528,5.71,=,3.17,1,72,,
Mavda,TMPRSS2,ASAP-0000526,1.27,=,12.1,1,72,,
Mavda,TMPRSS2,ASAP-0000526,1.33,=,,1,72,,
Mavda,TMPRSS2,ASAP-0000523,4.27,=,14.6,1,72,,
Mavda,TMPRSS2,ASAP-0000523,4.12,=,17.7,1,72,,
Mavda,TMPRSS2,ASAP-0000375,1.25,=,14.8,1,72,,
Mavda,TMPRSS2,ASAP-0000375,1.25,=,13.9,1,72,,
Mavda,TMPRSS2,ASAP-0000374,1.34,=,17.6,1,72,,
Mavda,TMPRSS2,ASAP-0000374,1.3,=,13.1,1,72,,
Mavda,TMPRSS2,ASAP-0000373,1.3,=,15.1,1,72,,
Mavda,TMPRSS2,ASAP-0000373,1.28,=,16.5,1,72,,
Mavda,TMPRSS2,ASAP-0000372,1.29,=,13.4,1,72,,
Mavda,TMPRSS2,ASAP-0000372,1.31,=,,1,72,,
Mavda,TMPRSS2,ASAP-0000370,0.051,=,14.1,1,72,,
Mavda,TMPRSS2,ASAP-0000370,0.052,=,15.8,1,72,,
Mavda,TMPRSS2,ASAP-0000370,0.051,=,17.2,1,72,,
Mavda,TMPRSS2,ASAP-0000370,0.051,=,17.7,1,72,,
Mavda,TMPRSS2,ASAP-0000272,0.501,=,13.2,1,72,,
Mavda,TMPRSS2,ASAP-0000272,0.707,=,5.44,1,72,,
Mavda,TMPRSS2,ASAP-0000227,4.34,=,14.9,1,72,,
Mavda,TMPRSS2,ASAP-0000227,4.32,=,13.1,1,72,,
Mavda,TMPRSS2,ASAP-0000223,10.6,=,11,1,72,,
Mavda,TMPRSS2,ASAP-0000223,4.62,=,28.4,1,72,,
Mavda,TMPRSS2,ASAP-0000222,9.67,=,4.98,1,72,,
Mavda,TMPRSS2,ASAP-0000222,7.47,=,4.05,1,72,,
Mavda,TMPRSS2,ASAP-0000221,4.16,=,14.3,1,72,,
Mavda,TMPRSS2,ASAP-0000221,4.1,=,2.04,1,72,,
Mavda,TMPRSS2,ASAP-0000220,4.36,=,17.8,1,72,,
Mavda,TMPRSS2,ASAP-0000220,4.14,=,12.9,1,72,,
Mavda,TMPRSS2,ASAP-0000219,7.25,=,2.99,1,72,,
Mavda,TMPRSS2,ASAP-0000219,6.34,=,3.36,1,72,,
Mavda,TMPRSS2,ASAP-0000217,7.5,=,5.26,1,72,,
Mavda,TMPRSS2,ASAP-0000217,6.92,=,4.73,1,72,,
Mavda,TMPRSS2,ASAP-0000216,4.31,=,1.86,1,72,,
Mavda,TMPRSS2,ASAP-0000216,2.79,=,3.86,1,72,,
Mavda,TMPRSS2,ASAP-0000215,4.25,=,13,1,72,,
Mavda,TMPRSS2,ASAP-0000215,4.21,=,12.9,1,72,,
Mavda,TMPRSS2,ASAP-0000214,9.98,=,1.5,1,72,,
Mavda,TMPRSS2,ASAP-0000214,8.76,=,2.28,1,72,,
Mavda,TMPRSS2,ASAP-0000212,14.6,=,2.76,1,72,,
Mavda,TMPRSS2,ASAP-0000212,11.8,=,5.14,1,72,,
Mavda,TMPRSS2,ASAP-0000211,4.36,=,14.4,1,72,,
Mavda,TMPRSS2,ASAP-0000211,4.22,=,13.1,1,72,,
Mavda,TMPRSS2,ASAP-0000208,4.43,=,15,1,72,,
Mavda,TMPRSS2,ASAP-0000208,4.35,=,14.1,1,72,,
Mavda,TMPRSS2,ASAP-0000207,4.49,=,12.9,1,72,,
Mavda,TMPRSS2,ASAP-0000207,4.41,=,12.9,1,72,,
Mavda,TMPRSS2,ASAP-0000205,5.37,=,5.3,1,72,,
Mavda,TMPRSS2,ASAP-0000205,5.51,=,4.06,1,72,,
Mavda,TMPRSS2,ASAP-0000171,7.31,=,2.55,1,72,,
Mavda,TMPRSS2,ASAP-0000171,6.65,=,3.71,1,72,,
Mavda,TMPRSS2,ASAP-0000170,5.86,=,3.87,1,72,,
Mavda,TMPRSS2,ASAP-0000170,5.77,=,2.14,1,72,,
Mavda,TMPRSS2,ASAP-0000169,4.34,=,21.1,1,72,,
Mavda,TMPRSS2,ASAP-0000169,4.31,=,14.4,1,72,,
Mavda,TMPRSS2,ASAP-0000168,4.22,=,18.2,1,72,,
Mavda,TMPRSS2,ASAP-0000168,4.42,=,14.7,1,72,,
Mavda,TMPRSS2,ASAP-0000167,4.22,=,14.2,1,72,,
Mavda,TMPRSS2,ASAP-0000167,4.3,=,13.8,1,72,,
Mavda,TMPRSS2,ASAP-0000165,36,>,,1,72,,
Mavda,TMPRSS2,ASAP-0000165,36,>,,1,72,,
Mavda,TMPRSS2,ASAP-0000164,4.02,=,17.5,1,72,,
Mavda,TMPRSS2,ASAP-0000164,2.96,=,2.52,1,72,,
Mavda,TMPRSS2,ASAP-0000163,17.2,=,3.06,1,72,,
Mavda,TMPRSS2,ASAP-0000163,12.3,=,1.78,1,72,,
Mavda,TMPRSS2,ASAP-0000161,3.38,=,6.64,1,72,,
Mavda,TMPRSS2,ASAP-0000161,3.7,=,9.25,1,72,,
Mavda,TMPRSS2,ASAP-0000160,5.66,=,3.55,1,72,,
Mavda,TMPRSS2,ASAP-0000160,5.32,=,4.52,1,72,,
Mavda,TMPRSS2,ASAP-0000159,4.42,=,15.3,1,72,,
Mavda,TMPRSS2,ASAP-0000159,4.26,=,13.1,1,72,,
Mavda,TMPRSS2,ASAP-0000158,4.46,=,14.3,1,72,,
Mavda,TMPRSS2,ASAP-0000158,4.36,=,14.2,1,72,,
Mavda,TMPRSS2,ASAP-0000157,3.18,=,6.72,1,72,,
Mavda,TMPRSS2,ASAP-0000157,1.57,=,12.3,1,72,,
Mavda,TMPRSS2,ASAP-0000156,3.86,=,11.1,1,72,,
Mavda,TMPRSS2,ASAP-0000156,3.93,=,12.9,1,72,,
Mavda,TMPRSS2,ASAP-0000155,6.72,=,3.1,1,72,,
Mavda,TMPRSS2,ASAP-0000155,6.63,=,3.68,1,72,,
Mavda,TMPRSS2,ASAP-0000153,1.08,=,19.3,1,72,,
Mavda,TMPRSS2,ASAP-0000153,1.14,=,20.1,1,72,,
Mavda,TMPRSS2,ASAP-0000146,36,>,,1,72,,
Mavda,TMPRSS2,ASAP-0000146,36,>,,1,72,,
Mavda,TMPRSS2,ASAP-0000144,2.51,=,2.89,1,72,,
Mavda,TMPRSS2,ASAP-0000144,1.52,=,13.8,1,72,,
Usu,E6,ASAP-0014925,0.023,=,,,,0.042,=
Usu,E6,ASAP-0014888,25,=,,,,,
Usu,E6,ASAP-0014786,0.053,=,,,,0.098,=
Usu,E6,ASAP-0014784,32,>,,,,,
Usu,E6,ASAP-0014776,0.48,=,,,,0.98,=
Usu,E6,ASAP-0014773,0.15,=,,,,0.34,=
Usu,E6,ASAP-0014770,0.16,=,,,,0.39,=
Usu,E6,ASAP-0014764,0.069,=,,,,0.15,=
Usu,E6,ASAP-0014753,0.071,=,,,,0.33,=
Usu,E6,ASAP-0014750,0.063,=,,,,0.15,=
Usu,E6,ASAP-0014717,5.7,=,,,,2.1,=
Usu,E6,ASAP-0014551,32,>,,,,,
Usu,E6,ASAP-0013890,0.18,=,,,,0.39,=
Usu,E6,ASAP-0013722,0.13,=,,,,0.39,=
Usu,E6,ASAP-0013299,2.7,=,,,,4.2,=
Usu,E6,ASAP-0012335,4.6,=,,,,0.19,=
Usu,E6,ASAP-0011513,0.15,=,,,,0.43,=
Usu,E6,ASAP-0011445,0.17,=,,,,0.29,=
Usu,E6,ASAP-0011430,17,=,,,,32,>
Usu,E6,ASAP-0011359,0.78,=,,,,1.5,=
Usu,E6,ASAP-0011153,32,>,,,,,
Usu,E6,ASAP-0011137,4.7,=,,,,4.9,=
Usu,E6,ASAP-0011129,0.46,=,,,,0.54,=
Usu,E6,ASAP-0011127,32,>,,,,32,>
Usu,E6,ASAP-0011124,32,>,,,,32,>
Usu,E6,ASAP-0011049,28,=,,,,32,>
Usu,E6,ASAP-0008359,2.8,=,,,,3.5,=
Usu,E6,ASAP-0000738,0.57,=,,,,0.49,=
Usu,E6,ASAP-0000733,0.61,=,,,,1.8,=
Usu,E6,ASAP-0000654,1.7,=,,,,1.8,=
Usu,E6,ASAP-0000541,4.8,=,,,,7.9,=
Usu,E6,ASAP-0000526,1.7,=,,,,1.8,=
Usu,E6,ASAP-0000272,0.89,=,,,,0.64,=
Usu,E6,ASAP-0000205,1.3,=,,,,1.3,=
Usu,E6,ASAP-0000157,0.93,=,,,,1,=
Usu,E6,ASAP-0000153,0.11,=,,,,0.23,=
Sinai,E6,ASAP-0008376,6.02,=,-3.15,,,10,>
Sinai,E6,ASAP-0008376,2.83,=,-0.628,,,10,>
Sinai,E6,ASAP-0008359,1.38,=,-2.46,,,3.37,=
Sinai,E6,ASAP-0008359,1.06,=,-3.25,,,2.09,=
Sinai,E6,ASAP-0008330,3.19,=,-17,,,3.63,=
Sinai,E6,ASAP-0008330,1.21,=,-0.83,,,10,>
Sinai,E6,ASAP-0008315,8.32,=,-34.1,,,8.88,=
Sinai,E6,ASAP-0008315,8.08,=,-45,,,8.48,=
Sinai,E6,ASAP-0008314,1.12,=,-13.1,,,1.32,=
Sinai,E6,ASAP-0008314,1.06,=,-1.83,,,3.53,=
Sinai,E6,ASAP-0000738,2.06,=,-2.03,,,6.07,=
Sinai,E6,ASAP-0000738,2.11,=,-12.8,,,2.51,=
Sinai,E6,ASAP-0000738,1.23,=,-1.22,,,7.43,=
Sinai,E6,ASAP-0000734,8.6,=,-2.36,,,10,>
Sinai,E6,ASAP-0000734,10,>,-16.2,,,10,>
Sinai,E6,ASAP-0000733,0.589,=,-2.16,,,1.63,=
Sinai,E6,ASAP-0000733,0.307,=,-1.22,,,1.85,=
Sinai,E6,ASAP-0000733,0.206,<,-0.0728,,,50,>
Sinai,E6,ASAP-0000654,0.544,=,-1.67,,,2.02,=
Sinai,E6,ASAP-0000654,0.507,=,-2.86,,,1.09,=
Sinai,E6,ASAP-0000580,3.16,=,-1.66,,,10,>
Sinai,E6,ASAP-0000580,3.12,=,-2.34,,,7.97,=
Sinai,E6,ASAP-0000577,3.06,=,-11.2,,,3.72,=
Sinai,E6,ASAP-0000577,1,=,-0.905,,,10,>
Sinai,E6,ASAP-0000541,5.69,=,-0.274,,,10,>
Sinai,E6,ASAP-0000541,1.61,=,-0.983,,,15,=
Sinai,E6,ASAP-0000541,1.23,=,-1.47,,,5.46,=
Sinai,E6,ASAP-0000528,10,>,-1.21,,,10,>
Sinai,E6,ASAP-0000528,50,>,-8.72,,,50,>
Sinai,E6,ASAP-0000377,10,>,,,,10,>
Sinai,E6,ASAP-0000375,10,>,,,,10,>
Sinai,E6,ASAP-0000375,20,>,0.296,,,20,>
Sinai,E6,ASAP-0000375,7.65,=,-0.495,,,50,>
Sinai,E6,ASAP-0000374,0.596,=,-0.141,,,20,>
Sinai,E6,ASAP-0000374,4.52,=,-0.738,,,50,>
Sinai,E6,ASAP-0000372,8.63,=,-0.313,,,10,>
Sinai,E6,ASAP-0000372,18,=,-0.252,,,20,>
Sinai,E6,ASAP-0000372,1.07,=,-0.312,,,50,>
Sinai,E6,ASAP-0000370,2.06,=,-1.85,,,6.76,=
Sinai,E6,ASAP-0000272,1.15,=,-12.4,,,1.37,=
Sinai,E6,ASAP-0000272,0.21,=,-1,,,1.87,=
Sinai,E6,ASAP-0000272,0.526,=,-2.28,,,1.38,=
Sinai,E6,ASAP-0000226,3.3,=,-2.09,,,9.45,=
Sinai,E6,ASAP-0000226,3.31,=,-23.2,,,3.63,=
Sinai,E6,ASAP-0000225,1.81,=,-1.96,,,5.57,=
Sinai,E6,ASAP-0000225,1.12,=,-2.29,,,2.91,=
Sinai,E6,ASAP-0000221,2.81,=,-9.39,,,3.55,=
Sinai,E6,ASAP-0000221,1.98,=,-5.54,,,2.95,=
Sinai,E6,ASAP-0000219,6.22,=,-2.16,,,10,>
Sinai,E6,ASAP-0000219,10,>,,,,10,>
Sinai,E6,ASAP-0000217,7,=,-3.72,,,10,>
Sinai,E6,ASAP-0000217,2.35,=,-2.39,,,5.9,=
Sinai,E6,ASAP-0000216,1.06,=,-11.5,,,1.29,=
Sinai,E6,ASAP-0000216,0.979,=,-17.1,,,1.11,=
Sinai,E6,ASAP-0000214,4.79,=,-1.97,,,10,>
Sinai,E6,ASAP-0000214,8.32,=,-7.55,,,10,>
Sinai,E6,ASAP-0000212,1.69,=,-4.2,,,2.85,=
Sinai,E6,ASAP-0000212,0.878,=,-1.62,,,3.41,=
Sinai,E6,ASAP-0000211,0.818,=,-1.37,,,4.05,=
Sinai,E6,ASAP-0000211,1.02,=,-15.8,,,1.18,=
Sinai,E6,ASAP-0000209,2.48,=,-2.55,,,5.88,=
Sinai,E6,ASAP-0000209,2.84,=,-11.1,,,3.46,=
Sinai,E6,ASAP-0000207,4.54,=,-3.64,,,8.3,=
Sinai,E6,ASAP-0000207,8.77,=,-18.9,,,9.85,=
Sinai,E6,ASAP-0000205,1.09,=,-14.8,,,1.26,=
Sinai,E6,ASAP-0000205,1.07,=,-12.1,,,1.29,=
Sinai,E6,ASAP-0000185,3.3,=,-31.1,,,3.54,=
Sinai,E6,ASAP-0000185,3.29,=,-14.6,,,3.83,=
Sinai,E6,ASAP-0000184,3.82,=,-2.27,,,10,>
Sinai,E6,ASAP-0000184,4.31,=,-2.43,,,10,>
Sinai,E6,ASAP-0000184,5.81,=,-3.49,,,10.9,=
Sinai,E6,ASAP-0000175,0.322,=,-12.5,,,0.384,=
Sinai,E6,ASAP-0000175,0.296,=,-3.25,,,0.582,=
Sinai,E6,ASAP-0000175,0.206,<,-0.334,,,12.4,=
Sinai,E6,ASAP-0000169,0.678,=,-1.46,,,3.04,=
Sinai,E6,ASAP-0000169,0.76,=,-1.78,,,2.61,=
Sinai,E6,ASAP-0000168,1.01,=,-8.27,,,1.32,=
Sinai,E6,ASAP-0000168,0.977,=,-12.7,,,1.16,=
Sinai,E6,ASAP-0000164,10,>,-4.7,,,10,>
Sinai,E6,ASAP-0000164,10,>,,,,10,>
Sinai,E6,ASAP-0000162,1.79,=,-3.71,,,3.23,=
Sinai,E6,ASAP-0000162,1.09,=,-12.6,,,1.3,=
Sinai,E6,ASAP-0000159,1.83,=,-2.92,,,3.88,=
Sinai,E6,ASAP-0000159,0.995,=,-6.38,,,1.4,=
Sinai,E6,ASAP-0000157,1.02,=,-14.1,,,1.19,=
Sinai,E6,ASAP-0000157,0.475,=,-2.37,,,1.2,=
Sinai,E6,ASAP-0000156,10,>,-1.28,,,10,>
Sinai,E6,ASAP-0000156,10,>,6.27,,,10,>
Sinai,E6,ASAP-0000155,1.23,=,-2.88,,,2.64,=
Sinai,E6,ASAP-0000155,1.04,=,-13.2,,,1.23,=
Sinai,E6,ASAP-0000153,0.259,=,-1.87,,,0.835,=
Sinai,E6,ASAP-0000153,0.22,=,0.589,,,0.206,<
Sinai,TMPRSS2,ASAP-0015677,1.38,=,-15.2,0,,1.6,=
Sinai,TMPRSS2,ASAP-0015672,4.45,=,-13,0,,5,>
Sinai,TMPRSS2,ASAP-0015669,4.21,=,-28.3,0,,4.55,=
Sinai,TMPRSS2,ASAP-0015660,0.872,=,-6.45,0,,1.23,=
Sinai,TMPRSS2,ASAP-0015646,5,>,,0,,5,>
Sinai,TMPRSS2,ASAP-0015642,5,>,,0,,5,>
Sinai,TMPRSS2,ASAP-0015521,5,>,-11.5,0,,5,>
Sinai,TMPRSS2,ASAP-0015517,5,>,,0,,5,>
Sinai,TMPRSS2,ASAP-0015376,0.751,=,-7.81,0,,0.995,=
Sinai,TMPRSS2,ASAP-0015294,5,>,,0,,5,>
Sinai,TMPRSS2,ASAP-0015239,5,>,,0,,5,>
Sinai,TMPRSS2,ASAP-0015227,5,>,0.284,0,,5,>
Sinai,TMPRSS2,ASAP-0015099,5,>,,0,,5,>
Sinai,TMPRSS2,ASAP-0015096,5,>,-6.7,0,,5,>
Sinai,TMPRSS2,ASAP-0015092,5,>,-8.82,0,,5,>
Sinai,TMPRSS2,ASAP-0015090,5,>,-2.06,0,,5,>
Sinai,TMPRSS2,ASAP-0015085,5,>,0.0419,0,,5,>
Sinai,TMPRSS2,ASAP-0014970,5,>,-0.0703,0,,5,>
Sinai,TMPRSS2,ASAP-0014966,5,>,,0,,5,>
Sinai,TMPRSS2,ASAP-0014959,5,>,,0,,5,>
Sinai,TMPRSS2,ASAP-0014951,5,>,,0,,5,>
Sinai,TMPRSS2,ASAP-0014943,5,>,,0,,5,>
Sinai,TMPRSS2,ASAP-0014925,0.284,=,-6.83,0,,0.391,=
Sinai,TMPRSS2,ASAP-0014900,5,>,-0.321,0,,5,>
Sinai,TMPRSS2,ASAP-0014794,1.42,=,-11.5,0,,1.72,=
Sinai,TMPRSS2,ASAP-0014786,0.544,=,-21.3,0,,0.603,=
Sinai,TMPRSS2,ASAP-0014776,5,>,-10.2,0,,5,>
Sinai,TMPRSS2,ASAP-0014773,1.96,=,-5.59,0,,2.9,=
Sinai,TMPRSS2,ASAP-0014770,1.49,=,-11.6,0,,1.81,=
Sinai,TMPRSS2,ASAP-0014764,0.685,=,-5.09,0,,1.05,=
Sinai,TMPRSS2,ASAP-0014753,1.47,=,-12.5,0,,1.75,=
Sinai,TMPRSS2,ASAP-0014750,0.55,=,-95,0,,0.563,=
Sinai,TMPRSS2,ASAP-0014717,5,>,,0,,5,>
Sinai,TMPRSS2,ASAP-0017449,0.0183,=,-14,1,,0.0214,=
Sinai,TMPRSS2,ASAP-0017448,0.0245,=,-4.05,1,,0.0421,=
Sinai,TMPRSS2,ASAP-0017447,0.436,=,-1.54,1,,1.81,=
Sinai,TMPRSS2,ASAP-0017446,0.0189,=,-10.4,1,,0.0234,=
Sinai,TMPRSS2,ASAP-0017445,0.0192,=,-21.1,1,,0.0213,=
Sinai,TMPRSS2,ASAP-0017370,0.0346,=,-3.94,1,,0.0604,=
Sinai,TMPRSS2,ASAP-0017339,0.0539,=,-2.83,1,,0.117,=
Sinai,TMPRSS2,ASAP-0017328,0.0967,=,-1.34,1,,0.502,=
Sinai,TMPRSS2,ASAP-0017239,0.0152,=,-2.76,1,,0.0337,=
Sinai,TMPRSS2,ASAP-0017239,0.0188,=,-9.69,1,,0.0236,=
Sinai,TMPRSS2,ASAP-0017238,9.90E-03,=,-2.77,1,,0.0219,=
Sinai,TMPRSS2,ASAP-0017238,0.0239,=,-2.78,1,,0.0527,=
Sinai,TMPRSS2,ASAP-0017058,0.534,=,-2.39,1,,1.34,=
Sinai,TMPRSS2,ASAP-0017058,1.14,=,-3.52,1,,2.13,=
Sinai,TMPRSS2,ASAP-0017057,0.101,=,-1.07,1,,0.79,=
Sinai,TMPRSS2,ASAP-0017057,0.184,=,-7.61,1,,0.245,=
Sinai,TMPRSS2,ASAP-0017056,0.0585,=,-10.6,1,,0.0719,=
Sinai,TMPRSS2,ASAP-0017056,0.0974,=,-2.71,1,,0.219,=
Sinai,TMPRSS2,ASAP-0016974,0.118,=,-3.07,1,,0.241,=
Sinai,TMPRSS2,ASAP-0016974,0.116,=,-1.79,1,,0.395,=
Sinai,TMPRSS2,ASAP-0016846,0.0584,=,-12.3,1,,0.0698,=
Sinai,TMPRSS2,ASAP-0016846,0.047,=,-1.23,1,,0.281,=
Sinai,TMPRSS2,ASAP-0016845,0.0412,=,-3.17,1,,0.0823,=
Sinai,TMPRSS2,ASAP-0016845,0.0636,=,-1.31,1,,0.342,=
Sinai,TMPRSS2,ASAP-0016823,0.0815,=,-2.06,1,,0.237,=
Sinai,TMPRSS2,ASAP-0016823,0.155,=,-1.4,1,,0.741,=
Sinai,TMPRSS2,ASAP-0016819,0.136,=,-3.73,1,,0.244,=
Sinai,TMPRSS2,ASAP-0016819,0.365,=,-3.81,1,,0.649,=
Sinai,TMPRSS2,ASAP-0016593,0.124,=,-2.93,1,,0.263,=
Sinai,TMPRSS2,ASAP-0016593,0.0732,=,-0.61,1,,2.68,=
Sinai,TMPRSS2,ASAP-0016591,0.168,=,-2.15,1,,0.468,=
Sinai,TMPRSS2,ASAP-0016591,0.269,=,-1.48,1,,1.18,=
Sinai,TMPRSS2,ASAP-0016545,0.0431,=,-1.67,1,,0.161,=
Sinai,TMPRSS2,ASAP-0016545,0.0962,=,-2.85,1,,0.208,=
Sinai,TMPRSS2,ASAP-0016542,0.0446,=,-3.87,1,,0.0788,=
Sinai,TMPRSS2,ASAP-0016541,0.0505,=,-1.32,1,,0.268,=
Sinai,TMPRSS2,ASAP-0016540,0.399,=,-1.46,1,,1.8,=
Sinai,TMPRSS2,ASAP-0016540,0.184,=,-2.88,1,,0.395,=
Sinai,TMPRSS2,ASAP-0016539,5,>,-0.393,1,,5,>
Sinai,TMPRSS2,ASAP-0016539,1.05,=,-2.48,1,,2.55,=
Sinai,TMPRSS2,ASAP-0016510,0.192,=,-1.45,1,,0.873,=
Sinai,TMPRSS2,ASAP-0016510,0.0914,=,-1.82,1,,0.306,=
Sinai,TMPRSS2,ASAP-0016509,0.0309,=,-0.764,1,,0.547,=
Sinai,TMPRSS2,ASAP-0016509,0.0263,=,-2.08,1,,0.0757,=
Sinai,TMPRSS2,ASAP-0016507,0.0413,=,-2.06,1,,0.12,=
Sinai,TMPRSS2,ASAP-0016507,0.0804,=,-0.881,1,,0.973,=
Sinai,TMPRSS2,ASAP-0016507,0.0847,=,-2.33,1,,0.217,=
Sinai,TMPRSS2,ASAP-0016506,8.70E-03,=,-2.69,1,,0.0197,=
Sinai,TMPRSS2,ASAP-0016506,0.026,=,-1.82,1,,0.0867,=
Sinai,TMPRSS2,ASAP-0016506,0.0177,=,-2.73,1,,0.0395,=
Sinai,TMPRSS2,ASAP-0016505,0.046,=,-0.705,1,,1.04,=
Sinai,TMPRSS2,ASAP-0016505,0.061,=,-1.77,1,,0.211,=
Sinai,TMPRSS2,ASAP-0016504,0.175,=,-0.363,1,,5,>
Sinai,TMPRSS2,ASAP-0016504,0.222,=,-2.02,1,,0.659,=
Sinai,TMPRSS2,ASAP-0016503,0.305,=,-1.3,1,,1.64,=
Sinai,TMPRSS2,ASAP-0016503,0.0927,=,-1.86,1,,0.301,=
Sinai,TMPRSS2,ASAP-0016377,0.671,=,-3.48,1,,1.26,=
Sinai,TMPRSS2,ASAP-0016377,0.636,=,-2.13,1,,1.78,=
Sinai,TMPRSS2,ASAP-0016376,0.615,=,-4.49,1,,1,=
Sinai,TMPRSS2,ASAP-0016376,0.615,=,-2.93,1,,1.3,=
Sinai,TMPRSS2,ASAP-0016375,0.0638,=,-1.28,1,,0.356,=
Sinai,TMPRSS2,ASAP-0016375,0.0633,=,-12.3,1,,0.0757,=
Sinai,TMPRSS2,ASAP-0016101,0.753,=,-0.731,1,,5,>
Sinai,TMPRSS2,ASAP-0016101,5,>,,1,,5,>
Sinai,TMPRSS2,ASAP-0016097,1.28,=,-2.56,1,,3.03,=
Sinai,TMPRSS2,ASAP-0016097,5,>,,1,,5,>
Sinai,TMPRSS2,ASAP-0016087,0.615,=,-4.49,1,,1,=
Sinai,TMPRSS2,ASAP-0015916,0.718,=,-1.8,1,,2.44,=
Sinai,TMPRSS2,ASAP-0015916,2.27,=,-2.52,1,,5,>
Sinai,TMPRSS2,ASAP-0015913,0.432,=,-1.81,1,,1.45,=
Sinai,TMPRSS2,ASAP-0015913,0.671,=,-3.48,1,,1.26,=
Sinai,TMPRSS2,ASAP-0015910,0.61,=,-3.29,1,,1.19,=
Sinai,TMPRSS2,ASAP-0015910,0.854,=,-3.08,1,,1.74,=
Sinai,TMPRSS2,ASAP-0015906,0.449,=,-1.66,1,,1.69,=
Sinai,TMPRSS2,ASAP-0015906,1.35,=,-3.01,1,,2.81,=
Sinai,TMPRSS2,ASAP-0015906,0.317,=,-1.19,1,,2,=
Sinai,TMPRSS2,ASAP-0015904,1.39,=,-3.46,1,,2.62,=
Sinai,TMPRSS2,ASAP-0015904,1.36,=,-1.83,1,,4.5,=
Sinai,TMPRSS2,ASAP-0015896,0.723,=,-3.09,1,,1.47,=
Sinai,TMPRSS2,ASAP-0015896,0.801,=,-2.38,1,,2.02,=
Sinai,TMPRSS2,ASAP-0015677,0.083,=,-1.36,1,,0.418,=
Sinai,TMPRSS2,ASAP-0015677,0.343,=,-4.07,1,,0.588,=
Sinai,TMPRSS2,ASAP-0015672,0.112,=,-2.65,1,,0.258,=
Sinai,TMPRSS2,ASAP-0015672,0.0761,=,-1.54,1,,0.318,=
Sinai,TMPRSS2,ASAP-0015672,0.24,=,-4.27,1,,0.401,=
Sinai,TMPRSS2,ASAP-0015669,0.216,=,-2.01,1,,0.646,=
Sinai,TMPRSS2,ASAP-0015669,0.123,=,-1.22,1,,0.743,=
Sinai,TMPRSS2,ASAP-0015666,0.379,=,-3.95,1,,0.66,=
Sinai,TMPRSS2,ASAP-0015666,0.471,=,-1.37,1,,2.36,=
Sinai,TMPRSS2,ASAP-0015663,0.185,=,-2.85,1,,0.401,=
Sinai,TMPRSS2,ASAP-0015663,0.153,=,-1.24,1,,0.899,=
Sinai,TMPRSS2,ASAP-0015660,0.0847,=,-1.6,1,,0.335,=
Sinai,TMPRSS2,ASAP-0015660,0.527,=,-21.2,1,,0.584,=
Sinai,TMPRSS2,ASAP-0015657,0.0603,=,-1.38,1,,0.295,=
Sinai,TMPRSS2,ASAP-0015657,0.0427,=,-0.792,1,,0.686,=
Sinai,TMPRSS2,ASAP-0015656,0.151,=,-2.67,1,,0.344,=
Sinai,TMPRSS2,ASAP-0015656,0.177,=,-4.78,1,,0.281,=
Sinai,TMPRSS2,ASAP-0015652,5,>,-0.152,1,,5,>
Sinai,TMPRSS2,ASAP-0015652,5,>,,1,,5,>
Sinai,TMPRSS2,ASAP-0015646,0.0732,=,-4.67,1,,0.117,=
Sinai,TMPRSS2,ASAP-0015646,0.0861,=,-6.47,1,,0.121,=
Sinai,TMPRSS2,ASAP-0015646,0.155,=,-2.33,1,,0.399,=
Sinai,TMPRSS2,ASAP-0015642,0.0865,=,-1.79,1,,0.296,=
Sinai,TMPRSS2,ASAP-0015642,0.209,=,-7.5,1,,0.28,=
Sinai,TMPRSS2,ASAP-0015521,0.0395,=,-3.11,1,,0.08,=
Sinai,TMPRSS2,ASAP-0015521,0.0383,=,-2.02,1,,0.114,=
Sinai,TMPRSS2,ASAP-0015521,0.136,=,-4.19,1,,0.229,=
Sinai,TMPRSS2,ASAP-0015521,0.0214,=,-0.852,1,,0.282,=
Sinai,TMPRSS2,ASAP-0015521,0.164,=,-12.9,1,,0.195,=
Sinai,TMPRSS2,ASAP-0015517,1.88,=,-2.65,1,,4.32,=
Sinai,TMPRSS2,ASAP-0015517,0.878,=,-4.25,1,,1.47,=
Sinai,TMPRSS2,ASAP-0015514,0.0562,=,-2.45,1,,0.138,=
Sinai,TMPRSS2,ASAP-0015385,0.0703,=,-2.53,1,,0.168,=
Sinai,TMPRSS2,ASAP-0015385,0.17,=,-1.65,1,,0.643,=
Sinai,TMPRSS2,ASAP-0015385,0.0694,=,-2.28,1,,0.182,=
Sinai,TMPRSS2,ASAP-0015381,5,>,5.43,1,,5,>
Sinai,TMPRSS2,ASAP-0015381,5,>,0.103,1,,5,>
Sinai,TMPRSS2,ASAP-0015376,0.191,=,-1.6,1,,0.754,=
Sinai,TMPRSS2,ASAP-0015376,0.292,=,-4.14,1,,0.497,=
Sinai,TMPRSS2,ASAP-0015294,0.426,=,-1.55,1,,1.76,=
Sinai,TMPRSS2,ASAP-0015294,0.527,=,-9.74,1,,0.66,=
Sinai,TMPRSS2,ASAP-0015242,0.0321,=,-2.1,1,,0.0913,=
Sinai,TMPRSS2,ASAP-0015239,5,>,,1,,5,>
Sinai,TMPRSS2,ASAP-0015239,1.45,=,-13.4,1,,1.71,=
Sinai,TMPRSS2,ASAP-0015229,0.298,=,-1.75,1,,1.04,=
Sinai,TMPRSS2,ASAP-0015229,0.121,=,-1.89,1,,0.386,=
Sinai,TMPRSS2,ASAP-0015227,0.245,=,-3.86,1,,0.432,=
Sinai,TMPRSS2,ASAP-0015227,0.153,=,-2.24,1,,0.409,=
Sinai,TMPRSS2,ASAP-0015225,0.287,=,-2.56,1,,0.679,=
Sinai,TMPRSS2,ASAP-0015219,0.1,=,-6.82,1,,0.138,=
Sinai,TMPRSS2,ASAP-0015108,3.21,=,-3.84,1,,5,>
Sinai,TMPRSS2,ASAP-0015108,2.01,=,-0.823,1,,5,>
Sinai,TMPRSS2,ASAP-0015105,5,>,-0.279,1,,5,>
Sinai,TMPRSS2,ASAP-0015105,3.36,=,-3.18,1,,5,>
Sinai,TMPRSS2,ASAP-0015102,0.769,=,-2.67,1,,1.75,=
Sinai,TMPRSS2,ASAP-0015102,0.802,=,-2.15,1,,2.23,=
Sinai,TMPRSS2,ASAP-0015099,0.226,=,-3.74,1,,0.406,=
Sinai,TMPRSS2,ASAP-0015099,0.205,=,-7.9,1,,0.27,=
Sinai,TMPRSS2,ASAP-0015096,0.0933,=,-1.2,1,,0.585,=
Sinai,TMPRSS2,ASAP-0015096,0.0931,=,-0.77,1,,1.62,=
Sinai,TMPRSS2,ASAP-0015096,0.375,=,-3.24,1,,0.739,=
Sinai,TMPRSS2,ASAP-0015092,0.0614,=,-1.57,1,,0.249,=
Sinai,TMPRSS2,ASAP-0015092,0.0899,=,-0.897,1,,1.04,=
Sinai,TMPRSS2,ASAP-0015090,0.165,=,-5.29,1,,0.25,=
Sinai,TMPRSS2,ASAP-0015090,0.188,=,-15.1,1,,0.217,=
Sinai,TMPRSS2,ASAP-0015090,0.0768,=,-2.78,1,,0.17,=
Sinai,TMPRSS2,ASAP-0015085,0.202,=,-1.3,1,,1.1,=
Sinai,TMPRSS2,ASAP-0015085,0.559,=,-16.2,1,,0.64,=
Sinai,TMPRSS2,ASAP-0015078,0.32,=,-2.08,1,,0.919,=
Sinai,TMPRSS2,ASAP-0014973,5,>,0.0897,1,,5,>
Sinai,TMPRSS2,ASAP-0014973,5,>,,1,,5,>
Sinai,TMPRSS2,ASAP-0014970,0.162,=,-1.73,1,,0.577,=
Sinai,TMPRSS2,ASAP-0014970,0.0995,=,-2.08,1,,0.286,=
Sinai,TMPRSS2,ASAP-0014966,2.65,=,-3.01,1,,5,>
Sinai,TMPRSS2,ASAP-0014966,1.35,=,-2.42,1,,3.34,=
Sinai,TMPRSS2,ASAP-0014963,1.46,=,-10.1,1,,1.81,=
Sinai,TMPRSS2,ASAP-0014959,0.422,=,-1.61,1,,1.65,=
Sinai,TMPRSS2,ASAP-0014959,0.624,=,-4.05,1,,1.07,=
Sinai,TMPRSS2,ASAP-0014951,0.0787,=,-3.51,1,,0.147,=
Sinai,TMPRSS2,ASAP-0014951,0.0764,=,-3.17,1,,0.153,=
Sinai,TMPRSS2,ASAP-0014943,1.84,=,-2.88,1,,3.94,=
Sinai,TMPRSS2,ASAP-0014943,0.809,=,-2.27,1,,2.13,=
Sinai,TMPRSS2,ASAP-0014938,0.191,=,-2.99,1,,0.398,=
Sinai,TMPRSS2,ASAP-0014931,0.0842,=,-2.04,1,,0.248,=
Sinai,TMPRSS2,ASAP-0014931,0.208,=,-2.81,1,,0.456,=
Sinai,TMPRSS2,ASAP-0014925,0.0188,=,-2.45,1,,0.0462,=
Sinai,TMPRSS2,ASAP-0014925,0.0181,=,-2.2,1,,0.0491,=
Sinai,TMPRSS2,ASAP-0014925,0.0348,=,-2.83,1,,0.0757,=
Sinai,TMPRSS2,ASAP-0014900,0.508,=,-1.44,1,,2.34,=
Sinai,TMPRSS2,ASAP-0014900,0.107,=,-0.674,1,,2.8,=
Sinai,TMPRSS2,ASAP-0014889,5,>,0.571,1,,5,>
Sinai,TMPRSS2,ASAP-0014889,5,>,-0.261,1,,5,>
Sinai,TMPRSS2,ASAP-0014888,5,>,-0.129,1,,5,>
Sinai,TMPRSS2,ASAP-0014888,5,>,,1,,5,>
Sinai,TMPRSS2,ASAP-0014886,0.0276,=,-1.45,1,,0.126,=
Sinai,TMPRSS2,ASAP-0014886,0.117,=,-2.49,1,,0.283,=
Sinai,TMPRSS2,ASAP-0014886,0.0428,=,-0.73,1,,0.869,=
Sinai,TMPRSS2,ASAP-0014881,0.194,=,-2.22,1,,0.522,=
Sinai,TMPRSS2,ASAP-0014800,0.523,=,-14.1,1,,0.611,=
Sinai,TMPRSS2,ASAP-0014800,0.265,=,-2.4,1,,0.663,=
Sinai,TMPRSS2,ASAP-0014797,0.408,=,-20.7,1,,0.454,=
Sinai,TMPRSS2,ASAP-0014797,0.178,=,-4.17,1,,0.301,=
Sinai,TMPRSS2,ASAP-0014794,0.116,=,-1.66,1,,0.434,=
Sinai,TMPRSS2,ASAP-0014794,0.176,=,-2.96,1,,0.369,=
Sinai,TMPRSS2,ASAP-0014789,0.22,=,-1.82,1,,0.732,=
Sinai,TMPRSS2,ASAP-0014786,0.0182,=,-1.79,1,,0.0621,=
Sinai,TMPRSS2,ASAP-0014786,0.0171,=,-1.01,1,,0.152,=
Sinai,TMPRSS2,ASAP-0014786,0.0213,=,-5.61,1,,0.0315,=
Sinai,TMPRSS2,ASAP-0014784,0.0495,=,-19.2,1,,0.0555,=
Sinai,TMPRSS2,ASAP-0014776,0.186,=,-21,1,,0.206,=
Sinai,TMPRSS2,ASAP-0014776,0.188,=,-2.86,1,,0.405,=
Sinai,TMPRSS2,ASAP-0014773,0.0641,=,-1.4,1,,0.307,=
Sinai,TMPRSS2,ASAP-0014773,0.0923,=,-2.12,1,,0.26,=
Sinai,TMPRSS2,ASAP-0014773,0.179,=,-2.97,1,,0.375,=
Sinai,TMPRSS2,ASAP-0014770,0.252,=,-2.95,1,,0.531,=
Sinai,TMPRSS2,ASAP-0014770,0.203,=,-2.27,1,,0.533,=
Sinai,TMPRSS2,ASAP-0014764,0.273,=,-2.78,1,,0.602,=
Sinai,TMPRSS2,ASAP-0014764,0.222,=,-2.63,1,,0.512,=
Sinai,TMPRSS2,ASAP-0014753,0.124,=,-2.22,1,,0.334,=
Sinai,TMPRSS2,ASAP-0014753,0.0892,=,-1.54,1,,0.372,=
Sinai,TMPRSS2,ASAP-0014753,0.487,=,-12.5,1,,0.581,=
Sinai,TMPRSS2,ASAP-0014750,0.0653,=,-2.31,1,,0.169,=
Sinai,TMPRSS2,ASAP-0014750,0.0273,=,-0.954,1,,0.272,=
Sinai,TMPRSS2,ASAP-0014750,0.0364,=,-1.12,1,,0.26,=
Sinai,TMPRSS2,ASAP-0014722,5,>,,1,,5,>
Sinai,TMPRSS2,ASAP-0014722,5,>,-10.2,1,,5,>
Sinai,TMPRSS2,ASAP-0014717,0.238,=,-2.39,1,,0.596,=
Sinai,TMPRSS2,ASAP-0014717,0.387,=,-2.19,1,,1.06,=
Sinai,TMPRSS2,ASAP-0014613,0.111,=,-1.82,1,,0.373,=
Sinai,TMPRSS2,ASAP-0014613,5,>,,1,,5,>
Sinai,TMPRSS2,ASAP-0014551,2.39,=,-2.06,1,,5,>
Sinai,TMPRSS2,ASAP-0014551,5,>,-0.989,1,,5,>
Sinai,TMPRSS2,ASAP-0014544,1.26,=,-1.81,1,,4.24,=
Sinai,TMPRSS2,ASAP-0014544,5,>,-0.47,1,,5,>
Sinai,TMPRSS2,ASAP-0013898,0.334,=,-2.58,1,,0.781,=
Sinai,TMPRSS2,ASAP-0013898,0.479,=,-17.4,1,,0.544,=
Sinai,TMPRSS2,ASAP-0013894,0.532,=,-2.16,1,,1.47,=
Sinai,TMPRSS2,ASAP-0013894,0.38,=,-2.5,1,,0.913,=
Sinai,TMPRSS2,ASAP-0013893,0.0458,=,-15.5,1,,0.0527,=
Sinai,TMPRSS2,ASAP-0013892,5,>,-0.221,1,,5,>
Sinai,TMPRSS2,ASAP-0013892,3.84,=,-2.31,1,,5,>
Sinai,TMPRSS2,ASAP-0013891,0.0502,=,-15.8,1,,0.0577,=
Sinai,TMPRSS2,ASAP-0013890,0.1,=,-2.16,1,,0.277,=
Sinai,TMPRSS2,ASAP-0013890,0.302,=,-3.36,1,,0.58,=
Sinai,TMPRSS2,ASAP-0013890,0.0853,=,-1.39,1,,0.416,=
Sinai,TMPRSS2,ASAP-0013722,0.101,=,-2.26,1,,0.267,=
Sinai,TMPRSS2,ASAP-0013722,0.118,=,-4.41,1,,0.194,=
Sinai,TMPRSS2,ASAP-0013414,0.176,=,-2.29,1,,0.46,=
Sinai,TMPRSS2,ASAP-0013414,0.178,=,-24.3,1,,0.195,=
Sinai,TMPRSS2,ASAP-0013413,0.128,=,-1.68,1,,0.475,=
Sinai,TMPRSS2,ASAP-0013413,0.136,=,-5.1,1,,0.209,=
Sinai,TMPRSS2,ASAP-0013412,0.332,=,-2.37,1,,0.839,=
Sinai,TMPRSS2,ASAP-0013412,0.194,=,-2.08,1,,0.558,=
Sinai,TMPRSS2,ASAP-0013398,0.158,=,-4.83,1,,0.249,=
Sinai,TMPRSS2,ASAP-0013398,0.0356,=,-0.92,1,,0.388,=
Sinai,TMPRSS2,ASAP-0013398,0.132,=,-2.22,1,,0.354,=
Sinai,TMPRSS2,ASAP-0013397,0.168,=,-1.84,1,,0.554,=
Sinai,TMPRSS2,ASAP-0013397,0.196,=,-1.9,1,,0.622,=
Sinai,TMPRSS2,ASAP-0013301,1.24,=,-2.75,1,,2.75,=
Sinai,TMPRSS2,ASAP-0013301,0.811,=,-2.04,1,,2.38,=
Sinai,TMPRSS2,ASAP-0013300,1.31,=,-1.12,1,,5,>
Sinai,TMPRSS2,ASAP-0013300,0.732,=,-2.27,1,,1.93,=
Sinai,TMPRSS2,ASAP-0013299,0.0689,=,-3.56,1,,0.128,=
Sinai,TMPRSS2,ASAP-0013299,0.0621,=,-16.7,1,,0.0708,=
Sinai,TMPRSS2,ASAP-0013299,0.039,=,-2.01,1,,0.116,=
Sinai,TMPRSS2,ASAP-0013299,0.0581,=,-13.2,1,,0.0687,=
Sinai,TMPRSS2,ASAP-0013298,0.281,=,-4.19,1,,0.474,=
Sinai,TMPRSS2,ASAP-0013298,0.194,=,-2.86,1,,0.419,=
Sinai,TMPRSS2,ASAP-0013272,0.19,=,-16.1,1,,0.218,=
Sinai,TMPRSS2,ASAP-0013266,0.0579,=,-1.36,1,,0.291,=
Sinai,TMPRSS2,ASAP-0013265,0.127,=,-2.3,1,,0.33,=
Sinai,TMPRSS2,ASAP-0013265,0.0399,=,-1.52,1,,0.169,=
Sinai,TMPRSS2,ASAP-0013265,0.24,=,-3.64,1,,0.439,=
Sinai,TMPRSS2,ASAP-0013249,0.375,=,-2.8,1,,0.822,=
Sinai,TMPRSS2,ASAP-0013249,0.269,=,-2.51,1,,0.644,=
Sinai,TMPRSS2,ASAP-0012337,0.0188,=,-10.8,1,,0.0231,=
Sinai,TMPRSS2,ASAP-0011528,0.538,=,-16.1,1,,0.616,=
Sinai,TMPRSS2,ASAP-0011528,0.5,=,-1.48,1,,2.2,=
Sinai,TMPRSS2,ASAP-0011513,0.193,=,-13.1,1,,0.228,=
Sinai,TMPRSS2,ASAP-0011513,0.0605,=,-0.928,1,,0.645,=
Sinai,TMPRSS2,ASAP-0011513,0.275,=,-3.29,1,,0.536,=
Sinai,TMPRSS2,ASAP-0011485,0.026,=,-6.38,1,,0.0367,=
Sinai,TMPRSS2,ASAP-0011446,5,>,,1,,5,>
Sinai,TMPRSS2,ASAP-0011446,5,>,-0.0538,1,,5,>
Sinai,TMPRSS2,ASAP-0011445,0.184,=,-15.9,1,,0.211,=
Sinai,TMPRSS2,ASAP-0011445,0.268,=,-2.57,1,,0.63,=
Sinai,TMPRSS2,ASAP-0011359,0.137,=,-1.49,1,,0.597,=
Sinai,TMPRSS2,ASAP-0011343,0.0973,=,-1.86,1,,0.316,=
Sinai,TMPRSS2,ASAP-0011221,5,>,,1,,5,>
Sinai,TMPRSS2,ASAP-0011198,5,>,0.145,1,,5,>
Sinai,TMPRSS2,ASAP-0011198,5,>,,1,,5,>
Sinai,TMPRSS2,ASAP-0011184,5,>,5.62,1,,5,>
Sinai,TMPRSS2,ASAP-0011184,5,>,-1.38,1,,5,>
Sinai,TMPRSS2,ASAP-0011176,5,>,,1,,5,>
Sinai,TMPRSS2,ASAP-0011176,5,>,,1,,5,>
Sinai,TMPRSS2,ASAP-0011141,0.0613,=,-0.693,1,,1.46,=
Sinai,TMPRSS2,ASAP-0011137,0.171,=,-3.18,1,,0.342,=
Sinai,TMPRSS2,ASAP-0011137,0.0964,=,-1.88,1,,0.309,=
Sinai,TMPRSS2,ASAP-0011137,0.477,=,-2.53,1,,1.14,=
Sinai,TMPRSS2,ASAP-0011129,1.53,=,-9.02,1,,1.96,=
Sinai,TMPRSS2,ASAP-0011129,2.69,=,-2.71,1,,5,>
Sinai,TMPRSS2,ASAP-0011129,0.0722,=,-1.03,1,,0.612,=
Sinai,TMPRSS2,ASAP-0011124,3.56,=,-3.29,1,,5,>
Sinai,TMPRSS2,ASAP-0011124,1.61,=,-2.48,1,,3.9,=
Sinai,TMPRSS2,ASAP-0011052,0.433,=,-1.69,1,,1.59,=
Sinai,TMPRSS2,ASAP-0011052,0.527,=,-8.74,1,,0.677,=
Sinai,TMPRSS2,ASAP-0011049,0.801,=,-1.55,1,,3.3,=
Sinai,TMPRSS2,ASAP-0011049,0.602,=,-3.17,1,,1.21,=
Sinai,TMPRSS2,ASAP-0011038,0.574,=,-0.865,1,,5,>
Sinai,TMPRSS2,ASAP-0011034,2.93,=,-3.19,1,,5,>
Sinai,TMPRSS2,ASAP-0011034,1.22,=,-1.77,1,,4.21,=
Sinai,TMPRSS2,ASAP-0011031,5,>,-2.07,1,,5,>
Sinai,TMPRSS2,ASAP-0011031,4.62,=,-3.18,1,,5,>
Sinai,TMPRSS2,ASAP-0010752,0.222,=,-1.45,1,,1.01,=
Sinai,TMPRSS2,ASAP-0010752,0.291,=,-0.987,1,,2.69,=
Sinai,TMPRSS2,ASAP-0010743,1.68,=,-2.68,1,,3.81,=
Sinai,TMPRSS2,ASAP-0010743,1.5,=,-1.66,1,,5,>
Sinai,TMPRSS2,ASAP-0010716,5,>,,1,,5,>
Sinai,TMPRSS2,ASAP-0010716,5,>,-0.379,1,,5,>
Sinai,TMPRSS2,ASAP-0010715,5,>,0.31,1,,5,>
Sinai,TMPRSS2,ASAP-0010715,5,>,,1,,5,>
Sinai,TMPRSS2,ASAP-0008674,5,>,,1,,5,>
Sinai,TMPRSS2,ASAP-0008674,20,>,,1,,20,>
Sinai,TMPRSS2,ASAP-0008674,2.42,=,-0.896,1,,5,>
Sinai,TMPRSS2,ASAP-0000733,0.194,=,-1.87,1,,0.627,=
Sinai,TMPRSS2,ASAP-0000733,0.315,=,-2.37,1,,0.794,=
Sinai,TMPRSS2,ASAP-0000733,0.637,=,-2.52,1,,1.52,=
Sinai,TMPRSS2,ASAP-0000733,0.154,=,-1.09,1,,1.16,=
Sinai,TMPRSS2,ASAP-0000733,0.104,=,-0.922,1,,1.13,=
Sinai,TMPRSS2,ASAP-0000733,0.536,=,-1.48,1,,2.36,=
Sinai,TMPRSS2,ASAP-0000733,0.187,=,-11,1,,0.228,=
Sinai,TMPRSS2,ASAP-0000654,0.317,=,-1.41,1,,1.5,=
Sinai,TMPRSS2,ASAP-0000654,0.659,=,-3.38,1,,1.26,=
Sinai,TMPRSS2,ASAP-0000375,1.19,=,-2.46,1,,2.91,=
Sinai,TMPRSS2,ASAP-0000375,0.361,=,-0.949,1,,3.66,=
Sinai,TMPRSS2,ASAP-0000370,0.0209,=,-2.3,1,,0.0545,=
Sinai,TMPRSS2,ASAP-0000370,0.0364,=,-2.99,1,,0.076,=
Sinai,TMPRSS2,ASAP-0000370,0.0376,=,-1.07,1,,0.293,=
Sinai,TMPRSS2,ASAP-0000370,0.0271,=,-3.04,1,,0.056,=
Sinai,TMPRSS2,ASAP-0000370,0.0287,=,-1.56,1,,0.117,=
Sinai,TMPRSS2,ASAP-0000370,0.0278,=,-0.852,1,,0.366,=
Sinai,TMPRSS2,ASAP-0000370,0.0456,=,-4.36,1,,0.0754,=
Sinai,TMPRSS2,ASAP-0000272,0.509,=,-3.47,1,,0.959,=
Sinai,TMPRSS2,ASAP-0000272,0.2,=,-1.69,1,,0.734,=
Sinai,TMPRSS2,ASAP-0000175,0.237,=,-4.44,1,,0.389,=
Sinai,TMPRSS2,ASAP-0000175,0.288,=,-3.46,1,,0.544,=
Sinai,TMPRSS2,ASAP-0000175,0.0904,=,-1.46,1,,0.409,=
Sinai,TMPRSS2,ASAP-0000153,0.223,=,-3.51,1,,0.417,=