Experiment,Cell,Molecule Name,IC50 (Num) (uM),IC50 (Mod),PGP,Hour_after
usu,E6,ASAP-0014925,0.023,=,,
usu,E6,ASAP-0014888,25,=,,
usu,E6,ASAP-0014786,0.053,=,,
usu,E6,ASAP-0014784,32,>,,
usu,E6,ASAP-0014776,0.48,=,,
usu,E6,ASAP-0014773,0.15,=,,
usu,E6,ASAP-0014770,0.16,=,,
usu,E6,ASAP-0014764,0.069,=,,
usu,E6,ASAP-0014753,0.071,=,,
usu,E6,ASAP-0014750,0.063,=,,
usu,E6,ASAP-0014717,5.7,=,,
usu,E6,ASAP-0014551,32,>,,
usu,E6,ASAP-0013890,0.18,=,,
usu,E6,ASAP-0013722,0.13,=,,
usu,E6,ASAP-0013299,2.7,=,,
usu,E6,ASAP-0012335,4.6,=,,
usu,E6,ASAP-0011513,0.15,=,,
usu,E6,ASAP-0011445,0.17,=,,
usu,E6,ASAP-0011430,17,=,,
usu,E6,ASAP-0011359,0.78,=,,
usu,E6,ASAP-0011153,32,>,,
usu,E6,ASAP-0011137,4.7,=,,
usu,E6,ASAP-0011129,0.46,=,,
usu,E6,ASAP-0011127,32,>,,
usu,E6,ASAP-0011124,32,>,,
usu,E6,ASAP-0011049,28,=,,
usu,E6,ASAP-0008359,2.8,=,,
usu,E6,ASAP-0000738,0.57,=,,
usu,E6,ASAP-0000733,0.61,=,,
usu,E6,ASAP-0000654,1.7,=,,
usu,E6,ASAP-0000541,4.8,=,,
usu,E6,ASAP-0000526,1.7,=,,
usu,E6,ASAP-0000272,0.89,=,,
usu,E6,ASAP-0000205,1.3,=,,
usu,E6,ASAP-0000157,0.93,=,,
usu,E6,ASAP-0000153,0.11,=,,
sinai,E6,ASAP-0008376,6.02,=,,
sinai,E6,ASAP-0008376,2.83,=,,
sinai,E6,ASAP-0008359,1.38,=,,
sinai,E6,ASAP-0008359,1.06,=,,
sinai,E6,ASAP-0008330,3.19,=,,
sinai,E6,ASAP-0008330,1.21,=,,
sinai,E6,ASAP-0008315,8.32,=,,
sinai,E6,ASAP-0008315,8.08,=,,
sinai,E6,ASAP-0008314,1.12,=,,
sinai,E6,ASAP-0008314,1.06,=,,
sinai,E6,ASAP-0000738,2.06,=,,
sinai,E6,ASAP-0000738,2.11,=,,
sinai,E6,ASAP-0000738,1.23,=,,
sinai,E6,ASAP-0000734,8.6,=,,
sinai,E6,ASAP-0000734,10,>,,
sinai,E6,ASAP-0000733,0.589,=,,
sinai,E6,ASAP-0000733,0.307,=,,
sinai,E6,ASAP-0000733,0.206,<,,
sinai,E6,ASAP-0000654,0.544,=,,
sinai,E6,ASAP-0000654,0.507,=,,
sinai,E6,ASAP-0000580,3.16,=,,
sinai,E6,ASAP-0000580,3.12,=,,
sinai,E6,ASAP-0000577,3.06,=,,
sinai,E6,ASAP-0000577,1,=,,
sinai,E6,ASAP-0000541,5.69,=,,
sinai,E6,ASAP-0000541,1.61,=,,
sinai,E6,ASAP-0000541,1.23,=,,
sinai,E6,ASAP-0000528,10,>,,
sinai,E6,ASAP-0000528,50,>,,
sinai,E6,ASAP-0000377,10,>,,
sinai,E6,ASAP-0000375,10,>,,
sinai,E6,ASAP-0000375,20,>,,
sinai,E6,ASAP-0000375,7.65,=,,
sinai,E6,ASAP-0000374,0.596,=,,
sinai,E6,ASAP-0000374,4.52,=,,
sinai,E6,ASAP-0000372,8.63,=,,
sinai,E6,ASAP-0000372,18,=,,
sinai,E6,ASAP-0000372,1.07,=,,
sinai,E6,ASAP-0000370,2.06,=,,
sinai,E6,ASAP-0000272,1.15,=,,
sinai,E6,ASAP-0000272,0.21,=,,
sinai,E6,ASAP-0000272,0.526,=,,
sinai,E6,ASAP-0000226,3.3,=,,
sinai,E6,ASAP-0000226,3.31,=,,
sinai,E6,ASAP-0000225,1.81,=,,
sinai,E6,ASAP-0000225,1.12,=,,
sinai,E6,ASAP-0000221,2.81,=,,
sinai,E6,ASAP-0000221,1.98,=,,
sinai,E6,ASAP-0000219,6.22,=,,
sinai,E6,ASAP-0000219,10,>,,
sinai,E6,ASAP-0000217,7,=,,
sinai,E6,ASAP-0000217,2.35,=,,
sinai,E6,ASAP-0000216,1.06,=,,
sinai,E6,ASAP-0000216,0.979,=,,
sinai,E6,ASAP-0000214,4.79,=,,
sinai,E6,ASAP-0000214,8.32,=,,
sinai,E6,ASAP-0000212,1.69,=,,
sinai,E6,ASAP-0000212,0.878,=,,
sinai,E6,ASAP-0000211,0.818,=,,
sinai,E6,ASAP-0000211,1.02,=,,
sinai,E6,ASAP-0000209,2.48,=,,
sinai,E6,ASAP-0000209,2.84,=,,
sinai,E6,ASAP-0000207,4.54,=,,
sinai,E6,ASAP-0000207,8.77,=,,
sinai,E6,ASAP-0000205,1.09,=,,
sinai,E6,ASAP-0000205,1.07,=,,
sinai,E6,ASAP-0000185,3.3,=,,
sinai,E6,ASAP-0000185,3.29,=,,
sinai,E6,ASAP-0000184,3.82,=,,
sinai,E6,ASAP-0000184,4.31,=,,
sinai,E6,ASAP-0000184,5.81,=,,
sinai,E6,ASAP-0000175,0.322,=,,
sinai,E6,ASAP-0000175,0.296,=,,
sinai,E6,ASAP-0000175,0.206,<,,
sinai,E6,ASAP-0000169,0.678,=,,
sinai,E6,ASAP-0000169,0.76,=,,
sinai,E6,ASAP-0000168,1.01,=,,
sinai,E6,ASAP-0000168,0.977,=,,
sinai,E6,ASAP-0000164,10,>,,
sinai,E6,ASAP-0000164,10,>,,
sinai,E6,ASAP-0000162,1.79,=,,
sinai,E6,ASAP-0000162,1.09,=,,
sinai,E6,ASAP-0000159,1.83,=,,
sinai,E6,ASAP-0000159,0.995,=,,
sinai,E6,ASAP-0000157,1.02,=,,
sinai,E6,ASAP-0000157,0.475,=,,
sinai,E6,ASAP-0000156,10,>,,
sinai,E6,ASAP-0000156,10,>,,
sinai,E6,ASAP-0000155,1.23,=,,
sinai,E6,ASAP-0000155,1.04,=,,
sinai,E6,ASAP-0000153,0.259,=,,
sinai,E6,ASAP-0000153,0.22,=,,
sinai,TMPRSS2,ASAP-0015677,1.38,=,0,
sinai,TMPRSS2,ASAP-0015672,4.45,=,0,
sinai,TMPRSS2,ASAP-0015669,4.21,=,0,
sinai,TMPRSS2,ASAP-0015660,0.872,=,0,
sinai,TMPRSS2,ASAP-0015646,5,>,0,
sinai,TMPRSS2,ASAP-0015642,5,>,0,
sinai,TMPRSS2,ASAP-0015521,5,>,0,
sinai,TMPRSS2,ASAP-0015517,5,>,0,
sinai,TMPRSS2,ASAP-0015376,0.751,=,0,
sinai,TMPRSS2,ASAP-0015294,5,>,0,
sinai,TMPRSS2,ASAP-0015239,5,>,0,
sinai,TMPRSS2,ASAP-0015227,5,>,0,
sinai,TMPRSS2,ASAP-0015099,5,>,0,
sinai,TMPRSS2,ASAP-0015096,5,>,0,
sinai,TMPRSS2,ASAP-0015092,5,>,0,
sinai,TMPRSS2,ASAP-0015090,5,>,0,
sinai,TMPRSS2,ASAP-0015085,5,>,0,
sinai,TMPRSS2,ASAP-0014970,5,>,0,
sinai,TMPRSS2,ASAP-0014966,5,>,0,
sinai,TMPRSS2,ASAP-0014959,5,>,0,
sinai,TMPRSS2,ASAP-0014951,5,>,0,
sinai,TMPRSS2,ASAP-0014943,5,>,0,
sinai,TMPRSS2,ASAP-0014925,0.284,=,0,
sinai,TMPRSS2,ASAP-0014900,5,>,0,
sinai,TMPRSS2,ASAP-0014794,1.42,=,0,
sinai,TMPRSS2,ASAP-0014786,0.544,=,0,
sinai,TMPRSS2,ASAP-0014776,5,>,0,
sinai,TMPRSS2,ASAP-0014773,1.96,=,0,
sinai,TMPRSS2,ASAP-0014770,1.49,=,0,
sinai,TMPRSS2,ASAP-0014764,0.685,=,0,
sinai,TMPRSS2,ASAP-0014753,1.47,=,0,
sinai,TMPRSS2,ASAP-0014750,0.55,=,0,
sinai,TMPRSS2,ASAP-0014717,5,>,0,
sinai,TMPRSS2,ASAP-0016545,0.0962,=,1,
sinai,TMPRSS2,ASAP-0016540,0.184,=,1,
sinai,TMPRSS2,ASAP-0016539,1.05,=,1,
sinai,TMPRSS2,ASAP-0016510,0.0914,=,1,
sinai,TMPRSS2,ASAP-0016509,0.0263,=,1,
sinai,TMPRSS2,ASAP-0016507,0.0847,=,1,
sinai,TMPRSS2,ASAP-0016506,0.0177,=,1,
sinai,TMPRSS2,ASAP-0016505,0.061,=,1,
sinai,TMPRSS2,ASAP-0016504,0.222,=,1,
sinai,TMPRSS2,ASAP-0016503,0.0927,=,1,
sinai,TMPRSS2,ASAP-0016377,0.671,=,1,
sinai,TMPRSS2,ASAP-0016377,0.636,=,1,
sinai,TMPRSS2,ASAP-0016376,0.615,=,1,
sinai,TMPRSS2,ASAP-0016376,0.615,=,1,
sinai,TMPRSS2,ASAP-0016375,0.0633,=,1,
sinai,TMPRSS2,ASAP-0016101,5,>,1,
sinai,TMPRSS2,ASAP-0016097,1.28,=,1,
sinai,TMPRSS2,ASAP-0016097,5,>,1,
sinai,TMPRSS2,ASAP-0016087,0.615,=,1,
sinai,TMPRSS2,ASAP-0015916,0.718,=,1,
sinai,TMPRSS2,ASAP-0015916,2.27,=,1,
sinai,TMPRSS2,ASAP-0015913,0.671,=,1,
sinai,TMPRSS2,ASAP-0015910,0.61,=,1,
sinai,TMPRSS2,ASAP-0015910,0.854,=,1,
sinai,TMPRSS2,ASAP-0015906,0.449,=,1,
sinai,TMPRSS2,ASAP-0015906,1.35,=,1,
sinai,TMPRSS2,ASAP-0015906,0.317,=,1,
sinai,TMPRSS2,ASAP-0015904,1.39,=,1,
sinai,TMPRSS2,ASAP-0015904,1.36,=,1,
sinai,TMPRSS2,ASAP-0015896,0.723,=,1,
sinai,TMPRSS2,ASAP-0015896,0.801,=,1,
sinai,TMPRSS2,ASAP-0015677,0.083,=,1,
sinai,TMPRSS2,ASAP-0015677,0.343,=,1,
sinai,TMPRSS2,ASAP-0015672,0.0761,=,1,
sinai,TMPRSS2,ASAP-0015672,0.24,=,1,
sinai,TMPRSS2,ASAP-0015669,0.0721,=,1,
sinai,TMPRSS2,ASAP-0015663,0.185,=,1,
sinai,TMPRSS2,ASAP-0015663,0.153,=,1,
sinai,TMPRSS2,ASAP-0015660,0.0847,=,1,
sinai,TMPRSS2,ASAP-0015660,0.527,=,1,
sinai,TMPRSS2,ASAP-0015657,0.0607,=,1,
sinai,TMPRSS2,ASAP-0015657,0.0427,=,1,
sinai,TMPRSS2,ASAP-0015656,0.151,=,1,
sinai,TMPRSS2,ASAP-0015656,0.177,=,1,
sinai,TMPRSS2,ASAP-0015646,0.0732,=,1,
sinai,TMPRSS2,ASAP-0015646,0.0861,=,1,
sinai,TMPRSS2,ASAP-0015646,0.155,=,1,
sinai,TMPRSS2,ASAP-0015642,0.0865,=,1,
sinai,TMPRSS2,ASAP-0015642,0.209,=,1,
sinai,TMPRSS2,ASAP-0015521,0.0383,=,1,
sinai,TMPRSS2,ASAP-0015521,0.136,=,1,
sinai,TMPRSS2,ASAP-0015521,0.0214,=,1,
sinai,TMPRSS2,ASAP-0015521,0.164,=,1,
sinai,TMPRSS2,ASAP-0015517,1.88,=,1,
sinai,TMPRSS2,ASAP-0015517,0.878,=,1,
sinai,TMPRSS2,ASAP-0015385,0.0694,=,1,
sinai,TMPRSS2,ASAP-0015381,5,>,1,
sinai,TMPRSS2,ASAP-0015376,0.292,=,1,
sinai,TMPRSS2,ASAP-0015294,0.527,=,1,
sinai,TMPRSS2,ASAP-0015239,5,>,1,
sinai,TMPRSS2,ASAP-0015239,1.45,=,1,
sinai,TMPRSS2,ASAP-0015229,0.121,=,1,
sinai,TMPRSS2,ASAP-0015227,0.245,=,1,
sinai,TMPRSS2,ASAP-0015227,0.153,=,1,
sinai,TMPRSS2,ASAP-0015108,3.21,=,1,
sinai,TMPRSS2,ASAP-0015108,2.01,=,1,
sinai,TMPRSS2,ASAP-0015105,3.36,=,1,
sinai,TMPRSS2,ASAP-0015102,0.769,=,1,
sinai,TMPRSS2,ASAP-0015102,0.802,=,1,
sinai,TMPRSS2,ASAP-0015099,0.226,=,1,
sinai,TMPRSS2,ASAP-0015099,0.205,=,1,
sinai,TMPRSS2,ASAP-0015096,0.0933,=,1,
sinai,TMPRSS2,ASAP-0015096,0.0931,=,1,
sinai,TMPRSS2,ASAP-0015096,0.375,=,1,
sinai,TMPRSS2,ASAP-0015092,0.0614,=,1,
sinai,TMPRSS2,ASAP-0015092,0.0899,=,1,
sinai,TMPRSS2,ASAP-0015090,0.165,=,1,
sinai,TMPRSS2,ASAP-0015090,0.188,=,1,
sinai,TMPRSS2,ASAP-0015090,0.0768,=,1,
sinai,TMPRSS2,ASAP-0015085,0.202,=,1,
sinai,TMPRSS2,ASAP-0015085,0.559,=,1,
sinai,TMPRSS2,ASAP-0014973,5,>,1,
sinai,TMPRSS2,ASAP-0014970,0.162,=,1,
sinai,TMPRSS2,ASAP-0014970,0.0995,=,1,
sinai,TMPRSS2,ASAP-0014966,2.65,=,1,
sinai,TMPRSS2,ASAP-0014966,1.35,=,1,
sinai,TMPRSS2,ASAP-0014959,0.624,=,1,
sinai,TMPRSS2,ASAP-0014951,0.0787,=,1,
sinai,TMPRSS2,ASAP-0014951,0.0764,=,1,
sinai,TMPRSS2,ASAP-0014943,1.84,=,1,
sinai,TMPRSS2,ASAP-0014943,0.809,=,1,
sinai,TMPRSS2,ASAP-0014931,0.0842,=,1,
sinai,TMPRSS2,ASAP-0014931,0.208,=,1,
sinai,TMPRSS2,ASAP-0014925,0.0188,=,1,
sinai,TMPRSS2,ASAP-0014925,0.0181,=,1,
sinai,TMPRSS2,ASAP-0014925,0.0348,=,1,
sinai,TMPRSS2,ASAP-0014900,0.107,=,1,
sinai,TMPRSS2,ASAP-0014889,5,>,1,
sinai,TMPRSS2,ASAP-0014888,5,>,1,
sinai,TMPRSS2,ASAP-0014888,5,>,1,
sinai,TMPRSS2,ASAP-0014886,0.0276,=,1,
sinai,TMPRSS2,ASAP-0014886,0.117,=,1,
sinai,TMPRSS2,ASAP-0014886,0.0428,=,1,
sinai,TMPRSS2,ASAP-0014800,0.523,=,1,
sinai,TMPRSS2,ASAP-0014800,0.265,=,1,
sinai,TMPRSS2,ASAP-0014797,0.408,=,1,
sinai,TMPRSS2,ASAP-0014797,0.178,=,1,
sinai,TMPRSS2,ASAP-0014794,0.116,=,1,
sinai,TMPRSS2,ASAP-0014794,0.176,=,1,
sinai,TMPRSS2,ASAP-0014786,0.0182,=,1,
sinai,TMPRSS2,ASAP-0014786,0.0171,=,1,
sinai,TMPRSS2,ASAP-0014786,0.0213,=,1,
sinai,TMPRSS2,ASAP-0014776,0.186,=,1,
sinai,TMPRSS2,ASAP-0014776,0.188,=,1,
sinai,TMPRSS2,ASAP-0014773,0.0641,=,1,
sinai,TMPRSS2,ASAP-0014773,0.0923,=,1,
sinai,TMPRSS2,ASAP-0014773,0.179,=,1,
sinai,TMPRSS2,ASAP-0014770,0.252,=,1,
sinai,TMPRSS2,ASAP-0014770,0.203,=,1,
sinai,TMPRSS2,ASAP-0014764,0.273,=,1,
sinai,TMPRSS2,ASAP-0014764,0.222,=,1,
sinai,TMPRSS2,ASAP-0014753,0.0892,=,1,
sinai,TMPRSS2,ASAP-0014753,0.487,=,1,
sinai,TMPRSS2,ASAP-0014750,0.0653,=,1,
sinai,TMPRSS2,ASAP-0014750,0.0273,=,1,
sinai,TMPRSS2,ASAP-0014750,0.0364,=,1,
sinai,TMPRSS2,ASAP-0014722,5,>,1,
sinai,TMPRSS2,ASAP-0014717,0.0344,=,1,
sinai,TMPRSS2,ASAP-0014613,5,>,1,
sinai,TMPRSS2,ASAP-0014551,5,>,1,
sinai,TMPRSS2,ASAP-0014544,1.26,=,1,
sinai,TMPRSS2,ASAP-0014544,5,>,1,
sinai,TMPRSS2,ASAP-0013898,0.479,=,1,
sinai,TMPRSS2,ASAP-0013894,0.38,=,1,
sinai,TMPRSS2,ASAP-0013892,3.84,=,1,
sinai,TMPRSS2,ASAP-0013890,0.1,=,1,
sinai,TMPRSS2,ASAP-0013890,0.302,=,1,
sinai,TMPRSS2,ASAP-0013890,0.0853,=,1,
sinai,TMPRSS2,ASAP-0013722,0.101,=,1,
sinai,TMPRSS2,ASAP-0013722,0.118,=,1,
sinai,TMPRSS2,ASAP-0013414,0.176,=,1,
sinai,TMPRSS2,ASAP-0013414,0.178,=,1,
sinai,TMPRSS2,ASAP-0013413,0.128,=,1,
sinai,TMPRSS2,ASAP-0013413,0.136,=,1,
sinai,TMPRSS2,ASAP-0013412,0.194,=,1,
sinai,TMPRSS2,ASAP-0013398,0.0356,=,1,
sinai,TMPRSS2,ASAP-0013398,0.132,=,1,
sinai,TMPRSS2,ASAP-0013397,0.168,=,1,
sinai,TMPRSS2,ASAP-0013397,0.196,=,1,
sinai,TMPRSS2,ASAP-0013301,0.811,=,1,
sinai,TMPRSS2,ASAP-0013300,1.31,=,1,
sinai,TMPRSS2,ASAP-0013300,0.732,=,1,
sinai,TMPRSS2,ASAP-0013299,0.0689,=,1,
sinai,TMPRSS2,ASAP-0013299,0.0621,=,1,
sinai,TMPRSS2,ASAP-0013299,0.039,=,1,
sinai,TMPRSS2,ASAP-0013299,0.0581,=,1,
sinai,TMPRSS2,ASAP-0013298,0.281,=,1,
sinai,TMPRSS2,ASAP-0013298,0.194,=,1,
sinai,TMPRSS2,ASAP-0013265,0.0399,=,1,
sinai,TMPRSS2,ASAP-0013265,0.24,=,1,
sinai,TMPRSS2,ASAP-0013249,0.375,=,1,
sinai,TMPRSS2,ASAP-0013249,0.269,=,1,
sinai,TMPRSS2,ASAP-0011528,0.5,=,1,
sinai,TMPRSS2,ASAP-0011513,0.0605,=,1,
sinai,TMPRSS2,ASAP-0011513,0.275,=,1,
sinai,TMPRSS2,ASAP-0011446,5,>,1,
sinai,TMPRSS2,ASAP-0011445,0.184,=,1,
sinai,TMPRSS2,ASAP-0011445,0.268,=,1,
sinai,TMPRSS2,ASAP-0011198,5,>,1,
sinai,TMPRSS2,ASAP-0011184,5,>,1,
sinai,TMPRSS2,ASAP-0011176,5,>,1,
sinai,TMPRSS2,ASAP-0011137,0.0964,=,1,
sinai,TMPRSS2,ASAP-0011137,0.477,=,1,
sinai,TMPRSS2,ASAP-0011129,0.0722,=,1,
sinai,TMPRSS2,ASAP-0011124,3.56,=,1,
sinai,TMPRSS2,ASAP-0011124,1.61,=,1,
sinai,TMPRSS2,ASAP-0011052,0.527,=,1,
sinai,TMPRSS2,ASAP-0011049,0.801,=,1,
sinai,TMPRSS2,ASAP-0011049,0.602,=,1,
sinai,TMPRSS2,ASAP-0011034,2.93,=,1,
sinai,TMPRSS2,ASAP-0011034,1.22,=,1,
sinai,TMPRSS2,ASAP-0011031,5,>,1,
sinai,TMPRSS2,ASAP-0011031,4.62,=,1,
sinai,TMPRSS2,ASAP-0010752,0.222,=,1,
sinai,TMPRSS2,ASAP-0010752,5.89E-03,=,1,
sinai,TMPRSS2,ASAP-0010752,0.291,=,1,
sinai,TMPRSS2,ASAP-0010743,1.68,=,1,
sinai,TMPRSS2,ASAP-0010743,1.5,=,1,
sinai,TMPRSS2,ASAP-0010716,5,>,1,
sinai,TMPRSS2,ASAP-0010715,5,>,1,
sinai,TMPRSS2,ASAP-0008674,5,>,1,
sinai,TMPRSS2,ASAP-0008674,2.42,=,1,
sinai,TMPRSS2,ASAP-0000733,0.154,=,1,
sinai,TMPRSS2,ASAP-0000733,0.104,=,1,
sinai,TMPRSS2,ASAP-0000733,0.536,=,1,
sinai,TMPRSS2,ASAP-0000733,0.187,=,1,
sinai,TMPRSS2,ASAP-0000654,0.659,=,1,
sinai,TMPRSS2,ASAP-0000375,0.361,=,1,
sinai,TMPRSS2,ASAP-0000370,0.0271,=,1,
sinai,TMPRSS2,ASAP-0000370,0.0287,=,1,
sinai,TMPRSS2,ASAP-0000370,0.0278,=,1,
sinai,TMPRSS2,ASAP-0000370,0.0456,=,1,
sinai,TMPRSS2,ASAP-0000272,0.2,=,1,
sinai,TMPRSS2,ASAP-0000175,0.0904,=,1,
mavda,TMPRSS2,ASAP-0015637,6.96,=,0,48
mavda,TMPRSS2,ASAP-0015637,5.52,=,0,48
mavda,TMPRSS2,ASAP-0013722,0.287,=,0,48
mavda,TMPRSS2,ASAP-0013722,0.215,=,0,48
mavda,TMPRSS2,ASAP-0013414,0.411,=,0,48
mavda,TMPRSS2,ASAP-0013414,0.341,=,0,48
mavda,TMPRSS2,ASAP-0013398,0.653,=,0,48
mavda,TMPRSS2,ASAP-0013398,0.579,=,0,48
mavda,TMPRSS2,ASAP-0013299,8.33,=,0,48
mavda,TMPRSS2,ASAP-0013299,7.32,=,0,48
mavda,TMPRSS2,ASAP-0013298,36,>,0,48
mavda,TMPRSS2,ASAP-0013298,36,>,0,48
mavda,TMPRSS2,ASAP-0013273,2.59,=,0,48
mavda,TMPRSS2,ASAP-0013273,2.73,=,0,48
mavda,TMPRSS2,ASAP-0013265,9.97,=,0,48
mavda,TMPRSS2,ASAP-0013265,9.35,=,0,48
mavda,TMPRSS2,ASAP-0012337,17.8,=,0,48
mavda,TMPRSS2,ASAP-0012337,36,=,0,48
mavda,TMPRSS2,ASAP-0011485,12.3,=,0,48
mavda,TMPRSS2,ASAP-0011485,12.6,=,0,48
mavda,TMPRSS2,ASAP-0011141,2.31,=,0,48
mavda,TMPRSS2,ASAP-0011141,2.21,=,0,48
mavda,TMPRSS2,ASAP-0011138,13.1,=,0,48
mavda,TMPRSS2,ASAP-0011138,13,=,0,48
mavda,TMPRSS2,ASAP-0011137,10.9,=,0,48
mavda,TMPRSS2,ASAP-0011137,9.55,=,0,48
mavda,TMPRSS2,ASAP-0011129,2.18,=,0,48
mavda,TMPRSS2,ASAP-0011129,2.28,=,0,48
mavda,TMPRSS2,ASAP-0000733,2.66,=,0,48
mavda,TMPRSS2,ASAP-0000733,2.56,=,0,48
mavda,TMPRSS2,ASAP-0000370,4.2,=,0,48
mavda,TMPRSS2,ASAP-0000370,3.59,=,0,48
mavda,TMPRSS2,ASAP-0015679,1.33,=,1,48
mavda,TMPRSS2,ASAP-0015679,1.28,=,1,48
mavda,TMPRSS2,ASAP-0015677,0.608,=,1,48
mavda,TMPRSS2,ASAP-0015677,0.387,=,1,48
mavda,TMPRSS2,ASAP-0015672,0.356,=,1,48
mavda,TMPRSS2,ASAP-0015672,0.43,=,1,48
mavda,TMPRSS2,ASAP-0015666,1.39,=,1,48
mavda,TMPRSS2,ASAP-0015666,1.45,=,1,48
mavda,TMPRSS2,ASAP-0015663,0.623,=,1,48
mavda,TMPRSS2,ASAP-0015663,0.378,=,1,48
mavda,TMPRSS2,ASAP-0015660,0.467,=,1,48
mavda,TMPRSS2,ASAP-0015660,0.507,=,1,48
mavda,TMPRSS2,ASAP-0015657,1.42,=,1,48
mavda,TMPRSS2,ASAP-0015657,1.35,=,1,48
mavda,TMPRSS2,ASAP-0015656,0.411,=,1,48
mavda,TMPRSS2,ASAP-0015656,0.351,=,1,48
mavda,TMPRSS2,ASAP-0015648,1.89,=,1,48
mavda,TMPRSS2,ASAP-0015648,1.49,=,1,48
mavda,TMPRSS2,ASAP-0015638,1.2,=,1,48
mavda,TMPRSS2,ASAP-0015638,0.937,=,1,48
mavda,TMPRSS2,ASAP-0015637,0.092,=,1,48
mavda,TMPRSS2,ASAP-0015637,0.134,=,1,48
mavda,TMPRSS2,ASAP-0015637,0.133,=,1,48
mavda,TMPRSS2,ASAP-0015637,0.124,=,1,48
mavda,TMPRSS2,ASAP-0015637,0.138,=,1,48
mavda,TMPRSS2,ASAP-0015517,0.829,=,1,48
mavda,TMPRSS2,ASAP-0015517,1.27,=,1,48
mavda,TMPRSS2,ASAP-0015514,0.839,=,1,48
mavda,TMPRSS2,ASAP-0015514,1.23,=,1,48
mavda,TMPRSS2,ASAP-0015512,0.841,=,1,48
mavda,TMPRSS2,ASAP-0015512,1.45,=,1,48
mavda,TMPRSS2,ASAP-0015508,0.545,=,1,48
mavda,TMPRSS2,ASAP-0015508,1.16,=,1,48
mavda,TMPRSS2,ASAP-0015376,0.503,=,1,48
mavda,TMPRSS2,ASAP-0015376,0.526,=,1,48
mavda,TMPRSS2,ASAP-0015294,0.761,=,1,48
mavda,TMPRSS2,ASAP-0015294,0.734,=,1,48
mavda,TMPRSS2,ASAP-0015242,0.644,=,1,48
mavda,TMPRSS2,ASAP-0015242,1.04,=,1,48
mavda,TMPRSS2,ASAP-0015239,1.98,=,1,48
mavda,TMPRSS2,ASAP-0015239,3.63,=,1,48
mavda,TMPRSS2,ASAP-0015229,0.475,=,1,48
mavda,TMPRSS2,ASAP-0015229,0.929,=,1,48
mavda,TMPRSS2,ASAP-0015227,0.428,=,1,48
mavda,TMPRSS2,ASAP-0015227,0.468,=,1,48
mavda,TMPRSS2,ASAP-0015225,1.36,=,1,48
mavda,TMPRSS2,ASAP-0015225,1.32,=,1,48
mavda,TMPRSS2,ASAP-0015223,0.786,=,1,48
mavda,TMPRSS2,ASAP-0015223,1.3,=,1,48
mavda,TMPRSS2,ASAP-0015108,3.5,=,1,48
mavda,TMPRSS2,ASAP-0015108,1.19,=,1,48
mavda,TMPRSS2,ASAP-0015099,0.593,=,1,48
mavda,TMPRSS2,ASAP-0015099,0.542,=,1,48
mavda,TMPRSS2,ASAP-0015096,0.821,=,1,48
mavda,TMPRSS2,ASAP-0015096,0.636,=,1,48
mavda,TMPRSS2,ASAP-0015092,0.601,=,1,48
mavda,TMPRSS2,ASAP-0015092,0.33,=,1,48
mavda,TMPRSS2,ASAP-0015085,0.764,=,1,48
mavda,TMPRSS2,ASAP-0015085,0.686,=,1,48
mavda,TMPRSS2,ASAP-0014973,1.41,=,1,48
mavda,TMPRSS2,ASAP-0014973,8.47,=,1,48
mavda,TMPRSS2,ASAP-0014970,0.307,=,1,48
mavda,TMPRSS2,ASAP-0014970,0.42,=,1,48
mavda,TMPRSS2,ASAP-0014966,1.85,=,1,48
mavda,TMPRSS2,ASAP-0014966,2.02,=,1,48
mavda,TMPRSS2,ASAP-0014963,9.77,=,1,48
mavda,TMPRSS2,ASAP-0014963,11.9,=,1,48
mavda,TMPRSS2,ASAP-0014948,2.02,=,1,48
mavda,TMPRSS2,ASAP-0014948,2.22,=,1,48
mavda,TMPRSS2,ASAP-0014936,1.72,=,1,48
mavda,TMPRSS2,ASAP-0014936,2.22,=,1,48
mavda,TMPRSS2,ASAP-0014925,0.277,=,1,48
mavda,TMPRSS2,ASAP-0014925,0.188,=,1,48
mavda,TMPRSS2,ASAP-0014900,0.938,=,1,48
mavda,TMPRSS2,ASAP-0014900,0.58,=,1,48
mavda,TMPRSS2,ASAP-0014889,36,>,1,48
mavda,TMPRSS2,ASAP-0014889,36,>,1,48
mavda,TMPRSS2,ASAP-0014888,36,>,1,48
mavda,TMPRSS2,ASAP-0014888,12.3,=,1,48
mavda,TMPRSS2,ASAP-0014882,3.88,=,1,48
mavda,TMPRSS2,ASAP-0014882,3.43,=,1,48
mavda,TMPRSS2,ASAP-0014881,2.58,=,1,48
mavda,TMPRSS2,ASAP-0014881,1.48,=,1,48
mavda,TMPRSS2,ASAP-0014791,10.5,=,1,48
mavda,TMPRSS2,ASAP-0014791,7.85,=,1,48
mavda,TMPRSS2,ASAP-0014789,3.44,=,1,48
mavda,TMPRSS2,ASAP-0014789,2.41,=,1,48
mavda,TMPRSS2,ASAP-0014784,4.18,=,1,48
mavda,TMPRSS2,ASAP-0014784,3.84,=,1,48
mavda,TMPRSS2,ASAP-0014776,0.443,=,1,48
mavda,TMPRSS2,ASAP-0014776,0.276,=,1,48
mavda,TMPRSS2,ASAP-0014773,0.469,=,1,48
mavda,TMPRSS2,ASAP-0014773,0.303,=,1,48
mavda,TMPRSS2,ASAP-0014770,0.599,=,1,48
mavda,TMPRSS2,ASAP-0014770,0.432,=,1,48
mavda,TMPRSS2,ASAP-0014764,0.505,=,1,48
mavda,TMPRSS2,ASAP-0014764,0.353,=,1,48
mavda,TMPRSS2,ASAP-0014762,4.6,=,1,48
mavda,TMPRSS2,ASAP-0014762,7.44,=,1,48
mavda,TMPRSS2,ASAP-0014758,6.04,=,1,48
mavda,TMPRSS2,ASAP-0014758,3.88,=,1,48
mavda,TMPRSS2,ASAP-0014753,0.527,=,1,48
mavda,TMPRSS2,ASAP-0014753,0.429,=,1,48
mavda,TMPRSS2,ASAP-0014750,0.252,=,1,48
mavda,TMPRSS2,ASAP-0014750,0.146,=,1,48
mavda,TMPRSS2,ASAP-0014745,4.16,=,1,48
mavda,TMPRSS2,ASAP-0014745,3.8,=,1,48
mavda,TMPRSS2,ASAP-0014717,0.755,=,1,48
mavda,TMPRSS2,ASAP-0014717,0.524,=,1,48
mavda,TMPRSS2,ASAP-0014632,2.02,=,1,48
mavda,TMPRSS2,ASAP-0014632,1.88,=,1,48
mavda,TMPRSS2,ASAP-0014612,5.13,=,1,48
mavda,TMPRSS2,ASAP-0014612,4.96,=,1,48
mavda,TMPRSS2,ASAP-0014551,4.13,=,1,48
mavda,TMPRSS2,ASAP-0014551,3.84,=,1,48
mavda,TMPRSS2,ASAP-0013925,0.72,=,1,48
mavda,TMPRSS2,ASAP-0013925,0.59,=,1,48
mavda,TMPRSS2,ASAP-0013898,1.04,=,1,48
mavda,TMPRSS2,ASAP-0013898,0.843,=,1,48
mavda,TMPRSS2,ASAP-0013894,1.35,=,1,48
mavda,TMPRSS2,ASAP-0013894,1.31,=,1,48
mavda,TMPRSS2,ASAP-0013892,12.5,=,1,48
mavda,TMPRSS2,ASAP-0013892,6.28,=,1,48
mavda,TMPRSS2,ASAP-0013891,1.29,=,1,48
mavda,TMPRSS2,ASAP-0013891,0.986,=,1,48
mavda,TMPRSS2,ASAP-0013890,0.783,=,1,48
mavda,TMPRSS2,ASAP-0013890,0.621,=,1,48
mavda,TMPRSS2,ASAP-0013731,2.22,=,1,48
mavda,TMPRSS2,ASAP-0013731,2.32,=,1,48
mavda,TMPRSS2,ASAP-0013722,0.145,=,1,48
mavda,TMPRSS2,ASAP-0013722,0.187,=,1,48
mavda,TMPRSS2,ASAP-0013722,0.246,=,1,48
mavda,TMPRSS2,ASAP-0013721,4.37,=,1,48
mavda,TMPRSS2,ASAP-0013721,5.1,=,1,48
mavda,TMPRSS2,ASAP-0013720,2.85,=,1,48
mavda,TMPRSS2,ASAP-0013720,2.78,=,1,48
mavda,TMPRSS2,ASAP-0013719,2.87,=,1,48
mavda,TMPRSS2,ASAP-0013719,3.92,=,1,48
mavda,TMPRSS2,ASAP-0013646,36,>,1,48
mavda,TMPRSS2,ASAP-0013646,36,>,1,48
mavda,TMPRSS2,ASAP-0013423,1.32,=,1,48
mavda,TMPRSS2,ASAP-0013423,1.93,=,1,48
mavda,TMPRSS2,ASAP-0013414,0.185,=,1,48
mavda,TMPRSS2,ASAP-0013414,0.35,=,1,48
mavda,TMPRSS2,ASAP-0013414,0.362,=,1,48
mavda,TMPRSS2,ASAP-0013413,1.15,=,1,48
mavda,TMPRSS2,ASAP-0013413,1.33,=,1,48
mavda,TMPRSS2,ASAP-0013412,2.31,=,1,48
mavda,TMPRSS2,ASAP-0013412,3.06,=,1,48
mavda,TMPRSS2,ASAP-0013407,1.15,=,1,48
mavda,TMPRSS2,ASAP-0013407,1.37,=,1,48
mavda,TMPRSS2,ASAP-0013405,1.37,=,1,48
mavda,TMPRSS2,ASAP-0013405,2.01,=,1,48
mavda,TMPRSS2,ASAP-0013398,0.315,=,1,48
mavda,TMPRSS2,ASAP-0013398,0.676,=,1,48
mavda,TMPRSS2,ASAP-0013398,0.877,=,1,48
mavda,TMPRSS2,ASAP-0013397,1.08,=,1,48
mavda,TMPRSS2,ASAP-0013397,1.22,=,1,48
mavda,TMPRSS2,ASAP-0013307,1.25,=,1,48
mavda,TMPRSS2,ASAP-0013307,1.27,=,1,48
mavda,TMPRSS2,ASAP-0013305,2.83,=,1,48
mavda,TMPRSS2,ASAP-0013305,3.06,=,1,48
mavda,TMPRSS2,ASAP-0013301,1.29,=,1,48
mavda,TMPRSS2,ASAP-0013301,1.33,=,1,48
mavda,TMPRSS2,ASAP-0013300,1.48,=,1,48
mavda,TMPRSS2,ASAP-0013300,2.97,=,1,48
mavda,TMPRSS2,ASAP-0013299,0.055,=,1,48
mavda,TMPRSS2,ASAP-0013299,0.09,=,1,48
mavda,TMPRSS2,ASAP-0013299,0.095,=,1,48
mavda,TMPRSS2,ASAP-0013298,0.197,=,1,48
mavda,TMPRSS2,ASAP-0013298,0.492,=,1,48
mavda,TMPRSS2,ASAP-0013298,0.706,=,1,48
mavda,TMPRSS2,ASAP-0013279,36,>,1,48
mavda,TMPRSS2,ASAP-0013279,36,=,1,48
mavda,TMPRSS2,ASAP-0013274,1.05,=,1,48
mavda,TMPRSS2,ASAP-0013274,1.36,=,1,48
mavda,TMPRSS2,ASAP-0013273,0.373,=,1,48
mavda,TMPRSS2,ASAP-0013273,0.639,=,1,48
mavda,TMPRSS2,ASAP-0013273,0.653,=,1,48
mavda,TMPRSS2,ASAP-0013272,1.11,=,1,48
mavda,TMPRSS2,ASAP-0013272,1.35,=,1,48
mavda,TMPRSS2,ASAP-0013266,4.7,=,1,48
mavda,TMPRSS2,ASAP-0013266,5.81,=,1,48
mavda,TMPRSS2,ASAP-0013265,0.309,=,1,48
mavda,TMPRSS2,ASAP-0013265,0.363,=,1,48
mavda,TMPRSS2,ASAP-0013265,0.525,=,1,48
mavda,TMPRSS2,ASAP-0013263,1.26,=,1,48
mavda,TMPRSS2,ASAP-0013263,2.38,=,1,48
mavda,TMPRSS2,ASAP-0013262,1.95,=,1,48
mavda,TMPRSS2,ASAP-0013262,2.01,=,1,48
mavda,TMPRSS2,ASAP-0013249,1.54,=,1,48
mavda,TMPRSS2,ASAP-0013249,2.42,=,1,48
mavda,TMPRSS2,ASAP-0012339,2.95,=,1,48
mavda,TMPRSS2,ASAP-0012339,3.52,=,1,48
mavda,TMPRSS2,ASAP-0012337,0.362,=,1,48
mavda,TMPRSS2,ASAP-0012337,0.742,=,1,48
mavda,TMPRSS2,ASAP-0012337,0.949,=,1,48
mavda,TMPRSS2,ASAP-0012335,1.13,=,1,48
mavda,TMPRSS2,ASAP-0012335,1.24,=,1,48
mavda,TMPRSS2,ASAP-0012333,1.32,=,1,48
mavda,TMPRSS2,ASAP-0012333,1.29,=,1,48
mavda,TMPRSS2,ASAP-0012331,2.19,=,1,48
mavda,TMPRSS2,ASAP-0012331,2.33,=,1,48
mavda,TMPRSS2,ASAP-0011528,0.832,=,1,48
mavda,TMPRSS2,ASAP-0011528,0.563,=,1,48
mavda,TMPRSS2,ASAP-0011513,1.21,=,1,48
mavda,TMPRSS2,ASAP-0011513,1.2,=,1,48
mavda,TMPRSS2,ASAP-0011485,0.739,=,1,48
mavda,TMPRSS2,ASAP-0011485,0.341,=,1,48
mavda,TMPRSS2,ASAP-0011485,0.522,=,1,48
mavda,TMPRSS2,ASAP-0011445,0.643,=,1,48
mavda,TMPRSS2,ASAP-0011445,1.02,=,1,48
mavda,TMPRSS2,ASAP-0011430,2.67,=,1,48
mavda,TMPRSS2,ASAP-0011430,3.97,=,1,48
mavda,TMPRSS2,ASAP-0011368,2.8,=,1,48
mavda,TMPRSS2,ASAP-0011368,3.27,=,1,48
mavda,TMPRSS2,ASAP-0011359,1.16,=,1,48
mavda,TMPRSS2,ASAP-0011359,1.2,=,1,48
mavda,TMPRSS2,ASAP-0011347,2.46,=,1,48
mavda,TMPRSS2,ASAP-0011347,2.64,=,1,48
mavda,TMPRSS2,ASAP-0011343,1.23,=,1,48
mavda,TMPRSS2,ASAP-0011343,1.29,=,1,48
mavda,TMPRSS2,ASAP-0011202,4.55,=,1,48
mavda,TMPRSS2,ASAP-0011202,5.52,=,1,48
mavda,TMPRSS2,ASAP-0011200,8.61,=,1,48
mavda,TMPRSS2,ASAP-0011200,8.02,=,1,48
mavda,TMPRSS2,ASAP-0011143,2.97,=,1,48
mavda,TMPRSS2,ASAP-0011143,2.58,=,1,48
mavda,TMPRSS2,ASAP-0011141,0.964,=,1,48
mavda,TMPRSS2,ASAP-0011141,0.487,=,1,48
mavda,TMPRSS2,ASAP-0011141,0.635,=,1,48
mavda,TMPRSS2,ASAP-0011140,2.28,=,1,48
mavda,TMPRSS2,ASAP-0011140,2.98,=,1,48
mavda,TMPRSS2,ASAP-0011139,6.98,=,1,48
mavda,TMPRSS2,ASAP-0011139,9.1,=,1,48
mavda,TMPRSS2,ASAP-0011138,0.849,=,1,48
mavda,TMPRSS2,ASAP-0011138,0.736,=,1,48
mavda,TMPRSS2,ASAP-0011138,0.901,=,1,48
mavda,TMPRSS2,ASAP-0011137,0.281,=,1,48
mavda,TMPRSS2,ASAP-0011137,0.131,=,1,48
mavda,TMPRSS2,ASAP-0011137,0.11,=,1,48
mavda,TMPRSS2,ASAP-0011133,4.42,=,1,48
mavda,TMPRSS2,ASAP-0011133,5.96,=,1,48
mavda,TMPRSS2,ASAP-0011129,0.293,=,1,48
mavda,TMPRSS2,ASAP-0011129,0.528,=,1,48
mavda,TMPRSS2,ASAP-0011129,0.693,=,1,48
mavda,TMPRSS2,ASAP-0011124,3.81,=,1,48
mavda,TMPRSS2,ASAP-0011124,3.17,=,1,48
mavda,TMPRSS2,ASAP-0011059,1.8,=,1,48
mavda,TMPRSS2,ASAP-0011059,1.9,=,1,48
mavda,TMPRSS2,ASAP-0011049,2.56,=,1,48
mavda,TMPRSS2,ASAP-0011049,2.15,=,1,48
mavda,TMPRSS2,ASAP-0011034,2.9,=,1,48
mavda,TMPRSS2,ASAP-0011034,3.47,=,1,48
mavda,TMPRSS2,ASAP-0010750,36,>,1,48
mavda,TMPRSS2,ASAP-0010750,36,=,1,48
mavda,TMPRSS2,ASAP-0010743,1.51,=,1,48
mavda,TMPRSS2,ASAP-0010743,1.66,=,1,48
mavda,TMPRSS2,ASAP-0010738,13.9,=,1,48
mavda,TMPRSS2,ASAP-0010738,22.9,=,1,48
mavda,TMPRSS2,ASAP-0010736,36,>,1,48
mavda,TMPRSS2,ASAP-0010736,36,=,1,48
mavda,TMPRSS2,ASAP-0010734,36,>,1,48
mavda,TMPRSS2,ASAP-0010734,36,=,1,48
mavda,TMPRSS2,ASAP-0010721,36,>,1,48
mavda,TMPRSS2,ASAP-0010721,36,=,1,48
mavda,TMPRSS2,ASAP-0010712,5.55,=,1,48
mavda,TMPRSS2,ASAP-0010712,6.3,=,1,48
mavda,TMPRSS2,ASAP-0010711,3.7,=,1,48
mavda,TMPRSS2,ASAP-0010711,4.58,=,1,48
mavda,TMPRSS2,ASAP-0008675,4.5,=,1,48
mavda,TMPRSS2,ASAP-0008675,6.72,=,1,48
mavda,TMPRSS2,ASAP-0008672,3.81,=,1,48
mavda,TMPRSS2,ASAP-0008672,3.56,=,1,48
mavda,TMPRSS2,ASAP-0008669,3.76,=,1,48
mavda,TMPRSS2,ASAP-0008669,4.22,=,1,48
mavda,TMPRSS2,ASAP-0008665,1.95,=,1,48
mavda,TMPRSS2,ASAP-0008665,3.02,=,1,48
mavda,TMPRSS2,ASAP-0008653,10.8,=,1,48
mavda,TMPRSS2,ASAP-0008653,9.14,=,1,48
mavda,TMPRSS2,ASAP-0008642,13.6,=,1,48
mavda,TMPRSS2,ASAP-0008642,10.8,=,1,48
mavda,TMPRSS2,ASAP-0008639,5.15,=,1,48
mavda,TMPRSS2,ASAP-0008639,5.43,=,1,48
mavda,TMPRSS2,ASAP-0008502,2.87,=,1,48
mavda,TMPRSS2,ASAP-0008502,2.85,=,1,48
mavda,TMPRSS2,ASAP-0008489,5.59,=,1,48
mavda,TMPRSS2,ASAP-0008489,7.32,=,1,48
mavda,TMPRSS2,ASAP-0008479,7.3,=,1,48
mavda,TMPRSS2,ASAP-0008479,10.5,=,1,48
mavda,TMPRSS2,ASAP-0008452,12.6,=,1,48
mavda,TMPRSS2,ASAP-0008452,24.1,=,1,48
mavda,TMPRSS2,ASAP-0008451,11.5,=,1,48
mavda,TMPRSS2,ASAP-0008451,12.5,=,1,48
mavda,TMPRSS2,ASAP-0008420,2.73,=,1,48
mavda,TMPRSS2,ASAP-0008420,4.32,=,1,48
mavda,TMPRSS2,ASAP-0008411,7.8,=,1,48
mavda,TMPRSS2,ASAP-0008411,9.38,=,1,48
mavda,TMPRSS2,ASAP-0008330,3.97,=,1,48
mavda,TMPRSS2,ASAP-0008330,6.71,=,1,48
mavda,TMPRSS2,ASAP-0008315,36,>,1,48
mavda,TMPRSS2,ASAP-0008315,36,=,1,48
mavda,TMPRSS2,ASAP-0008314,3.91,=,1,48
mavda,TMPRSS2,ASAP-0008314,3.41,=,1,48
mavda,TMPRSS2,ASAP-0008258,5.69,=,1,48
mavda,TMPRSS2,ASAP-0008258,6.12,=,1,48
mavda,TMPRSS2,ASAP-0000774,1.24,=,1,48
mavda,TMPRSS2,ASAP-0000774,1.92,=,1,48
mavda,TMPRSS2,ASAP-0000738,1.69,=,1,48
mavda,TMPRSS2,ASAP-0000738,1.71,=,1,48
mavda,TMPRSS2,ASAP-0000734,8.3,=,1,48
mavda,TMPRSS2,ASAP-0000734,7.19,=,1,48
mavda,TMPRSS2,ASAP-0000733,0.733,=,1,48
mavda,TMPRSS2,ASAP-0000733,0.458,=,1,48
mavda,TMPRSS2,ASAP-0000733,0.296,=,1,48
mavda,TMPRSS2,ASAP-0000733,0.354,=,1,48
mavda,TMPRSS2,ASAP-0000733,0.623,=,1,48
mavda,TMPRSS2,ASAP-0000580,5.89,=,1,48
mavda,TMPRSS2,ASAP-0000580,5.58,=,1,48
mavda,TMPRSS2,ASAP-0000541,2.38,=,1,48
mavda,TMPRSS2,ASAP-0000541,2.83,=,1,48
mavda,TMPRSS2,ASAP-0000528,12.7,=,1,48
mavda,TMPRSS2,ASAP-0000528,36,=,1,48
mavda,TMPRSS2,ASAP-0000526,1.76,=,1,48
mavda,TMPRSS2,ASAP-0000526,3.39,=,1,48
mavda,TMPRSS2,ASAP-0000523,10.5,=,1,48
mavda,TMPRSS2,ASAP-0000523,12,=,1,48
mavda,TMPRSS2,ASAP-0000375,1.4,=,1,48
mavda,TMPRSS2,ASAP-0000375,2,=,1,48
mavda,TMPRSS2,ASAP-0000374,1.39,=,1,48
mavda,TMPRSS2,ASAP-0000374,1.77,=,1,48
mavda,TMPRSS2,ASAP-0000373,1.75,=,1,48
mavda,TMPRSS2,ASAP-0000373,1.82,=,1,48
mavda,TMPRSS2,ASAP-0000372,1.42,=,1,48
mavda,TMPRSS2,ASAP-0000372,2.34,=,1,48
mavda,TMPRSS2,ASAP-0000370,0.128,=,1,48
mavda,TMPRSS2,ASAP-0000370,0.137,=,1,48
mavda,TMPRSS2,ASAP-0000370,0.072,=,1,48
mavda,TMPRSS2,ASAP-0000370,0.075,=,1,48
mavda,TMPRSS2,ASAP-0000370,0.096,=,1,48
mavda,TMPRSS2,ASAP-0000272,1.01,=,1,48
mavda,TMPRSS2,ASAP-0000272,1.26,=,1,48
mavda,TMPRSS2,ASAP-0000227,12.6,=,1,48
mavda,TMPRSS2,ASAP-0000227,12,=,1,48
mavda,TMPRSS2,ASAP-0000223,14.2,=,1,48
mavda,TMPRSS2,ASAP-0000223,17.3,=,1,48
mavda,TMPRSS2,ASAP-0000222,12,=,1,48
mavda,TMPRSS2,ASAP-0000222,25.6,=,1,48
mavda,TMPRSS2,ASAP-0000221,15.3,=,1,48
mavda,TMPRSS2,ASAP-0000221,12.9,=,1,48
mavda,TMPRSS2,ASAP-0000220,5.37,=,1,48
mavda,TMPRSS2,ASAP-0000220,4.77,=,1,48
mavda,TMPRSS2,ASAP-0000219,14.8,=,1,48
mavda,TMPRSS2,ASAP-0000219,19.1,=,1,48
mavda,TMPRSS2,ASAP-0000217,13.4,=,1,48
mavda,TMPRSS2,ASAP-0000217,11.8,=,1,48
mavda,TMPRSS2,ASAP-0000216,9.02,=,1,48
mavda,TMPRSS2,ASAP-0000216,8.5,=,1,48
mavda,TMPRSS2,ASAP-0000215,7.38,=,1,48
mavda,TMPRSS2,ASAP-0000215,8.73,=,1,48
mavda,TMPRSS2,ASAP-0000214,36,>,1,48
mavda,TMPRSS2,ASAP-0000214,36,=,1,48
mavda,TMPRSS2,ASAP-0000212,14.5,=,1,48
mavda,TMPRSS2,ASAP-0000212,36,=,1,48
mavda,TMPRSS2,ASAP-0000211,8.58,=,1,48
mavda,TMPRSS2,ASAP-0000211,7.93,=,1,48
mavda,TMPRSS2,ASAP-0000208,5,=,1,48
mavda,TMPRSS2,ASAP-0000208,8.16,=,1,48
mavda,TMPRSS2,ASAP-0000207,6.62,=,1,48
mavda,TMPRSS2,ASAP-0000207,7.38,=,1,48
mavda,TMPRSS2,ASAP-0000205,7.49,=,1,48
mavda,TMPRSS2,ASAP-0000205,7.6,=,1,48
mavda,TMPRSS2,ASAP-0000171,11.1,=,1,48
mavda,TMPRSS2,ASAP-0000171,11.9,=,1,48
mavda,TMPRSS2,ASAP-0000170,36,>,1,48
mavda,TMPRSS2,ASAP-0000170,36,=,1,48
mavda,TMPRSS2,ASAP-0000169,36,>,1,48
mavda,TMPRSS2,ASAP-0000169,17.8,=,1,48
mavda,TMPRSS2,ASAP-0000168,7.39,=,1,48
mavda,TMPRSS2,ASAP-0000168,7.66,=,1,48
mavda,TMPRSS2,ASAP-0000167,6.57,=,1,48
mavda,TMPRSS2,ASAP-0000167,4.96,=,1,48
mavda,TMPRSS2,ASAP-0000165,36,>,1,48
mavda,TMPRSS2,ASAP-0000165,36,=,1,48
mavda,TMPRSS2,ASAP-0000164,14.7,=,1,48
mavda,TMPRSS2,ASAP-0000164,15.2,=,1,48
mavda,TMPRSS2,ASAP-0000163,20.9,=,1,48
mavda,TMPRSS2,ASAP-0000163,9.91,=,1,48
mavda,TMPRSS2,ASAP-0000161,5.07,=,1,48
mavda,TMPRSS2,ASAP-0000161,6.07,=,1,48
mavda,TMPRSS2,ASAP-0000160,6.84,=,1,48
mavda,TMPRSS2,ASAP-0000160,8.48,=,1,48
mavda,TMPRSS2,ASAP-0000159,14.4,=,1,48
mavda,TMPRSS2,ASAP-0000159,11.3,=,1,48
mavda,TMPRSS2,ASAP-0000158,6.71,=,1,48
mavda,TMPRSS2,ASAP-0000158,6.85,=,1,48
mavda,TMPRSS2,ASAP-0000157,9.04,=,1,48
mavda,TMPRSS2,ASAP-0000157,8.86,=,1,48
mavda,TMPRSS2,ASAP-0000156,7.27,=,1,48
mavda,TMPRSS2,ASAP-0000156,13.7,=,1,48
mavda,TMPRSS2,ASAP-0000155,36,>,1,48
mavda,TMPRSS2,ASAP-0000155,36,=,1,48
mavda,TMPRSS2,ASAP-0000153,1.43,=,1,48
mavda,TMPRSS2,ASAP-0000153,1.51,=,1,48
mavda,TMPRSS2,ASAP-0000146,36,>,1,48
mavda,TMPRSS2,ASAP-0000146,36,=,1,48
mavda,TMPRSS2,ASAP-0000144,6,=,1,48
mavda,TMPRSS2,ASAP-0000144,4.73,=,1,48
mavda,TMPRSS2,ASAP-0015679,0.641,=,1,72
mavda,TMPRSS2,ASAP-0015679,0.918,=,1,72
mavda,TMPRSS2,ASAP-0015677,0.169,=,1,72
mavda,TMPRSS2,ASAP-0015677,0.184,=,1,72
mavda,TMPRSS2,ASAP-0015672,0.172,=,1,72
mavda,TMPRSS2,ASAP-0015672,0.149,=,1,72
mavda,TMPRSS2,ASAP-0015666,0.703,=,1,72
mavda,TMPRSS2,ASAP-0015666,0.719,=,1,72
mavda,TMPRSS2,ASAP-0015663,0.608,=,1,72
mavda,TMPRSS2,ASAP-0015663,0.526,=,1,72
mavda,TMPRSS2,ASAP-0015660,0.116,=,1,72
mavda,TMPRSS2,ASAP-0015660,0.271,=,1,72
mavda,TMPRSS2,ASAP-0015657,0.595,=,1,72
mavda,TMPRSS2,ASAP-0015657,0.532,=,1,72
mavda,TMPRSS2,ASAP-0015656,0.22,=,1,72
mavda,TMPRSS2,ASAP-0015656,0.279,=,1,72
mavda,TMPRSS2,ASAP-0015652,36,>,1,72
mavda,TMPRSS2,ASAP-0015652,36,>,1,72
mavda,TMPRSS2,ASAP-0015648,0.674,=,1,72
mavda,TMPRSS2,ASAP-0015648,0.623,=,1,72
mavda,TMPRSS2,ASAP-0015638,0.739,=,1,72
mavda,TMPRSS2,ASAP-0015638,0.625,=,1,72
mavda,TMPRSS2,ASAP-0015637,0.053,=,1,72
mavda,TMPRSS2,ASAP-0015637,0.054,=,1,72
mavda,TMPRSS2,ASAP-0015637,0.111,=,1,72
mavda,TMPRSS2,ASAP-0015637,0.078,=,1,72
mavda,TMPRSS2,ASAP-0015517,0.844,=,1,72
mavda,TMPRSS2,ASAP-0015517,0.821,=,1,72
mavda,TMPRSS2,ASAP-0015514,0.602,=,1,72
mavda,TMPRSS2,ASAP-0015514,0.606,=,1,72
mavda,TMPRSS2,ASAP-0015512,0.402,=,1,72
mavda,TMPRSS2,ASAP-0015512,0.335,=,1,72
mavda,TMPRSS2,ASAP-0015508,0.395,=,1,72
mavda,TMPRSS2,ASAP-0015508,0.444,=,1,72
mavda,TMPRSS2,ASAP-0015376,0.306,=,1,72
mavda,TMPRSS2,ASAP-0015376,0.33,=,1,72
mavda,TMPRSS2,ASAP-0015294,0.439,=,1,72
mavda,TMPRSS2,ASAP-0015294,0.46,=,1,72
mavda,TMPRSS2,ASAP-0015242,0.702,=,1,72
mavda,TMPRSS2,ASAP-0015242,0.835,=,1,72
mavda,TMPRSS2,ASAP-0015239,1.7,=,1,72
mavda,TMPRSS2,ASAP-0015239,1.38,=,1,72
mavda,TMPRSS2,ASAP-0015229,0.372,=,1,72
mavda,TMPRSS2,ASAP-0015229,0.504,=,1,72
mavda,TMPRSS2,ASAP-0015227,0.305,=,1,72
mavda,TMPRSS2,ASAP-0015227,0.333,=,1,72
mavda,TMPRSS2,ASAP-0015225,1.01,=,1,72
mavda,TMPRSS2,ASAP-0015225,0.682,=,1,72
mavda,TMPRSS2,ASAP-0015223,0.736,=,1,72
mavda,TMPRSS2,ASAP-0015223,0.826,=,1,72
mavda,TMPRSS2,ASAP-0015108,1.61,=,1,72
mavda,TMPRSS2,ASAP-0015108,0.881,=,1,72
mavda,TMPRSS2,ASAP-0015099,0.239,=,1,72
mavda,TMPRSS2,ASAP-0015099,0.208,=,1,72
mavda,TMPRSS2,ASAP-0015096,0.294,=,1,72
mavda,TMPRSS2,ASAP-0015096,0.218,=,1,72
mavda,TMPRSS2,ASAP-0015092,0.259,=,1,72
mavda,TMPRSS2,ASAP-0015092,0.235,=,1,72
mavda,TMPRSS2,ASAP-0015085,0.468,=,1,72
mavda,TMPRSS2,ASAP-0015085,0.582,=,1,72
mavda,TMPRSS2,ASAP-0014973,15.6,=,1,72
mavda,TMPRSS2,ASAP-0014973,17.7,=,1,72
mavda,TMPRSS2,ASAP-0014970,0.196,=,1,72
mavda,TMPRSS2,ASAP-0014970,0.246,=,1,72
mavda,TMPRSS2,ASAP-0014966,1.46,=,1,72
mavda,TMPRSS2,ASAP-0014966,1.78,=,1,72
mavda,TMPRSS2,ASAP-0014963,7.25,=,1,72
mavda,TMPRSS2,ASAP-0014963,7.33,=,1,72
mavda,TMPRSS2,ASAP-0014948,2.28,=,1,72
mavda,TMPRSS2,ASAP-0014948,2.16,=,1,72
mavda,TMPRSS2,ASAP-0014936,2.11,=,1,72
mavda,TMPRSS2,ASAP-0014936,2.01,=,1,72
mavda,TMPRSS2,ASAP-0014925,0.161,=,1,72
mavda,TMPRSS2,ASAP-0014925,0.136,=,1,72
mavda,TMPRSS2,ASAP-0014900,0.357,=,1,72
mavda,TMPRSS2,ASAP-0014900,0.302,=,1,72
mavda,TMPRSS2,ASAP-0014889,36,>,1,72
mavda,TMPRSS2,ASAP-0014889,36,>,1,72
mavda,TMPRSS2,ASAP-0014888,18.8,=,1,72
mavda,TMPRSS2,ASAP-0014888,20.5,=,1,72
mavda,TMPRSS2,ASAP-0014882,2.59,=,1,72
mavda,TMPRSS2,ASAP-0014882,1.7,=,1,72
mavda,TMPRSS2,ASAP-0014881,1.74,=,1,72
mavda,TMPRSS2,ASAP-0014881,0.956,=,1,72
mavda,TMPRSS2,ASAP-0014791,6.12,=,1,72
mavda,TMPRSS2,ASAP-0014791,6.06,=,1,72
mavda,TMPRSS2,ASAP-0014789,1.4,=,1,72
mavda,TMPRSS2,ASAP-0014789,1.4,=,1,72
mavda,TMPRSS2,ASAP-0014784,3.1,=,1,72
mavda,TMPRSS2,ASAP-0014784,3.39,=,1,72
mavda,TMPRSS2,ASAP-0014776,0.197,=,1,72
mavda,TMPRSS2,ASAP-0014776,0.21,=,1,72
mavda,TMPRSS2,ASAP-0014773,0.238,=,1,72
mavda,TMPRSS2,ASAP-0014773,0.224,=,1,72
mavda,TMPRSS2,ASAP-0014770,0.382,=,1,72
mavda,TMPRSS2,ASAP-0014770,0.246,=,1,72
mavda,TMPRSS2,ASAP-0014764,0.2,=,1,72
mavda,TMPRSS2,ASAP-0014764,0.496,=,1,72
mavda,TMPRSS2,ASAP-0014762,2.23,=,1,72
mavda,TMPRSS2,ASAP-0014762,2.06,=,1,72
mavda,TMPRSS2,ASAP-0014758,3.17,=,1,72
mavda,TMPRSS2,ASAP-0014758,3.26,=,1,72
mavda,TMPRSS2,ASAP-0014753,0.302,=,1,72
mavda,TMPRSS2,ASAP-0014753,0.289,=,1,72
mavda,TMPRSS2,ASAP-0014750,0.116,=,1,72
mavda,TMPRSS2,ASAP-0014750,0.133,=,1,72
mavda,TMPRSS2,ASAP-0014745,2.41,=,1,72
mavda,TMPRSS2,ASAP-0014745,2.5,=,1,72
mavda,TMPRSS2,ASAP-0014717,0.425,=,1,72
mavda,TMPRSS2,ASAP-0014717,0.408,=,1,72
mavda,TMPRSS2,ASAP-0014632,1.63,=,1,72
mavda,TMPRSS2,ASAP-0014632,2.24,=,1,72
mavda,TMPRSS2,ASAP-0014612,4.54,=,1,72
mavda,TMPRSS2,ASAP-0014612,4.18,=,1,72
mavda,TMPRSS2,ASAP-0014551,2.56,=,1,72
mavda,TMPRSS2,ASAP-0014551,2.37,=,1,72
mavda,TMPRSS2,ASAP-0013925,0.303,=,1,72
mavda,TMPRSS2,ASAP-0013925,0.33,=,1,72
mavda,TMPRSS2,ASAP-0013898,0.449,=,1,72
mavda,TMPRSS2,ASAP-0013898,0.426,=,1,72
mavda,TMPRSS2,ASAP-0013894,0.687,=,1,72
mavda,TMPRSS2,ASAP-0013894,0.713,=,1,72
mavda,TMPRSS2,ASAP-0013892,6.99,=,1,72
mavda,TMPRSS2,ASAP-0013892,5.9,=,1,72
mavda,TMPRSS2,ASAP-0013891,0.538,=,1,72
mavda,TMPRSS2,ASAP-0013891,0.474,=,1,72
mavda,TMPRSS2,ASAP-0013890,0.347,=,1,72
mavda,TMPRSS2,ASAP-0013890,0.388,=,1,72
mavda,TMPRSS2,ASAP-0013731,1.37,=,1,72
mavda,TMPRSS2,ASAP-0013731,1.35,=,1,72
mavda,TMPRSS2,ASAP-0013722,0.121,=,1,72
mavda,TMPRSS2,ASAP-0013722,0.149,=,1,72
mavda,TMPRSS2,ASAP-0013721,1.89,=,1,72
mavda,TMPRSS2,ASAP-0013721,3.44,=,1,72
mavda,TMPRSS2,ASAP-0013720,1.34,=,1,72
mavda,TMPRSS2,ASAP-0013720,1.53,=,1,72
mavda,TMPRSS2,ASAP-0013719,1.78,=,1,72
mavda,TMPRSS2,ASAP-0013719,2.6,=,1,72
mavda,TMPRSS2,ASAP-0013646,36,>,1,72
mavda,TMPRSS2,ASAP-0013646,36,>,1,72
mavda,TMPRSS2,ASAP-0013423,1.28,=,1,72
mavda,TMPRSS2,ASAP-0013423,1.23,=,1,72
mavda,TMPRSS2,ASAP-0013414,0.192,=,1,72
mavda,TMPRSS2,ASAP-0013414,0.166,=,1,72
mavda,TMPRSS2,ASAP-0013413,1.13,=,1,72
mavda,TMPRSS2,ASAP-0013413,1.23,=,1,72
mavda,TMPRSS2,ASAP-0013412,1.74,=,1,72
mavda,TMPRSS2,ASAP-0013412,3.22,=,1,72
mavda,TMPRSS2,ASAP-0013407,0.563,=,1,72
mavda,TMPRSS2,ASAP-0013407,0.781,=,1,72
mavda,TMPRSS2,ASAP-0013405,1.31,=,1,72
mavda,TMPRSS2,ASAP-0013405,1.29,=,1,72
mavda,TMPRSS2,ASAP-0013398,0.484,=,1,72
mavda,TMPRSS2,ASAP-0013398,0.505,=,1,72
mavda,TMPRSS2,ASAP-0013397,0.557,=,1,72
mavda,TMPRSS2,ASAP-0013397,0.522,=,1,72
mavda,TMPRSS2,ASAP-0013307,0.798,=,1,72
mavda,TMPRSS2,ASAP-0013307,0.605,=,1,72
mavda,TMPRSS2,ASAP-0013305,1.44,=,1,72
mavda,TMPRSS2,ASAP-0013305,1.64,=,1,72
mavda,TMPRSS2,ASAP-0013301,2.15,=,1,72
mavda,TMPRSS2,ASAP-0013301,1.22,=,1,72
mavda,TMPRSS2,ASAP-0013300,1.17,=,1,72
mavda,TMPRSS2,ASAP-0013300,1.24,=,1,72
mavda,TMPRSS2,ASAP-0013299,0.046,=,1,72
mavda,TMPRSS2,ASAP-0013299,0.049,=,1,72
mavda,TMPRSS2,ASAP-0013298,0.323,=,1,72
mavda,TMPRSS2,ASAP-0013298,0.471,=,1,72
mavda,TMPRSS2,ASAP-0013279,36,>,1,72
mavda,TMPRSS2,ASAP-0013279,36,>,1,72
mavda,TMPRSS2,ASAP-0013274,0.465,=,1,72
mavda,TMPRSS2,ASAP-0013274,0.643,=,1,72
mavda,TMPRSS2,ASAP-0013273,0.46,=,1,72
mavda,TMPRSS2,ASAP-0013273,0.471,=,1,72
mavda,TMPRSS2,ASAP-0013272,1.02,=,1,72
mavda,TMPRSS2,ASAP-0013272,1.14,=,1,72
mavda,TMPRSS2,ASAP-0013266,2.78,=,1,72
mavda,TMPRSS2,ASAP-0013266,2.5,=,1,72
mavda,TMPRSS2,ASAP-0013265,0.284,=,1,72
mavda,TMPRSS2,ASAP-0013265,0.491,=,1,72
mavda,TMPRSS2,ASAP-0013263,1.07,=,1,72
mavda,TMPRSS2,ASAP-0013263,1.2,=,1,72
mavda,TMPRSS2,ASAP-0013262,1.26,=,1,72
mavda,TMPRSS2,ASAP-0013262,1.28,=,1,72
mavda,TMPRSS2,ASAP-0013249,0.936,=,1,72
mavda,TMPRSS2,ASAP-0013249,0.813,=,1,72
mavda,TMPRSS2,ASAP-0012339,1.48,=,1,72
mavda,TMPRSS2,ASAP-0012339,1.61,=,1,72
mavda,TMPRSS2,ASAP-0012337,0.589,=,1,72
mavda,TMPRSS2,ASAP-0012337,0.498,=,1,72
mavda,TMPRSS2,ASAP-0012335,0.836,=,1,72
mavda,TMPRSS2,ASAP-0012335,0.514,=,1,72
mavda,TMPRSS2,ASAP-0012333,1.23,=,1,72
mavda,TMPRSS2,ASAP-0012333,0.907,=,1,72
mavda,TMPRSS2,ASAP-0012331,1.05,=,1,72
mavda,TMPRSS2,ASAP-0012331,1.22,=,1,72
mavda,TMPRSS2,ASAP-0011528,0.465,=,1,72
mavda,TMPRSS2,ASAP-0011528,0.433,=,1,72
mavda,TMPRSS2,ASAP-0011513,0.525,=,1,72
mavda,TMPRSS2,ASAP-0011513,0.557,=,1,72
mavda,TMPRSS2,ASAP-0011485,0.207,=,1,72
mavda,TMPRSS2,ASAP-0011485,0.109,=,1,72
mavda,TMPRSS2,ASAP-0011445,0.488,=,1,72
mavda,TMPRSS2,ASAP-0011445,0.495,=,1,72
mavda,TMPRSS2,ASAP-0011430,1.36,=,1,72
mavda,TMPRSS2,ASAP-0011430,2.61,=,1,72
mavda,TMPRSS2,ASAP-0011368,1.36,=,1,72
mavda,TMPRSS2,ASAP-0011368,1.52,=,1,72
mavda,TMPRSS2,ASAP-0011359,0.708,=,1,72
mavda,TMPRSS2,ASAP-0011359,0.663,=,1,72
mavda,TMPRSS2,ASAP-0011347,1.14,=,1,72
mavda,TMPRSS2,ASAP-0011347,1.32,=,1,72
mavda,TMPRSS2,ASAP-0011343,0.707,=,1,72
mavda,TMPRSS2,ASAP-0011343,0.427,=,1,72
mavda,TMPRSS2,ASAP-0011202,4.88,=,1,72
mavda,TMPRSS2,ASAP-0011202,4.24,=,1,72
mavda,TMPRSS2,ASAP-0011200,4.49,=,1,72
mavda,TMPRSS2,ASAP-0011200,4.5,=,1,72
mavda,TMPRSS2,ASAP-0011143,2.12,=,1,72
mavda,TMPRSS2,ASAP-0011143,1.91,=,1,72
mavda,TMPRSS2,ASAP-0011141,0.322,=,1,72
mavda,TMPRSS2,ASAP-0011141,0.398,=,1,72
mavda,TMPRSS2,ASAP-0011140,1.32,=,1,72
mavda,TMPRSS2,ASAP-0011140,1.4,=,1,72
mavda,TMPRSS2,ASAP-0011139,3.8,=,1,72
mavda,TMPRSS2,ASAP-0011139,4.22,=,1,72
mavda,TMPRSS2,ASAP-0011138,0.228,=,1,72
mavda,TMPRSS2,ASAP-0011138,0.334,=,1,72
mavda,TMPRSS2,ASAP-0011137,0.049,=,1,72
mavda,TMPRSS2,ASAP-0011137,0.051,=,1,72
mavda,TMPRSS2,ASAP-0011133,3.18,=,1,72
mavda,TMPRSS2,ASAP-0011133,4.03,=,1,72
mavda,TMPRSS2,ASAP-0011129,0.407,=,1,72
mavda,TMPRSS2,ASAP-0011129,0.491,=,1,72
mavda,TMPRSS2,ASAP-0011124,1.62,=,1,72
mavda,TMPRSS2,ASAP-0011124,1.4,=,1,72
mavda,TMPRSS2,ASAP-0011059,1.3,=,1,72
mavda,TMPRSS2,ASAP-0011059,1.43,=,1,72
mavda,TMPRSS2,ASAP-0011049,1.35,=,1,72
mavda,TMPRSS2,ASAP-0011049,1.4,=,1,72
mavda,TMPRSS2,ASAP-0011034,1.56,=,1,72
mavda,TMPRSS2,ASAP-0011034,1.47,=,1,72
mavda,TMPRSS2,ASAP-0010750,36,>,1,72
mavda,TMPRSS2,ASAP-0010750,36,>,1,72
mavda,TMPRSS2,ASAP-0010743,1.25,=,1,72
mavda,TMPRSS2,ASAP-0010743,1.24,=,1,72
mavda,TMPRSS2,ASAP-0010738,4.23,=,1,72
mavda,TMPRSS2,ASAP-0010738,4.18,=,1,72
mavda,TMPRSS2,ASAP-0010736,36,>,1,72
mavda,TMPRSS2,ASAP-0010736,36,>,1,72
mavda,TMPRSS2,ASAP-0010734,36,>,1,72
mavda,TMPRSS2,ASAP-0010734,36,>,1,72
mavda,TMPRSS2,ASAP-0010721,36,>,1,72
mavda,TMPRSS2,ASAP-0010721,36,>,1,72
mavda,TMPRSS2,ASAP-0010712,4.03,=,1,72
mavda,TMPRSS2,ASAP-0010712,3.7,=,1,72
mavda,TMPRSS2,ASAP-0010711,2.26,=,1,72
mavda,TMPRSS2,ASAP-0010711,2.46,=,1,72
mavda,TMPRSS2,ASAP-0008675,3.12,=,1,72
mavda,TMPRSS2,ASAP-0008675,3.74,=,1,72
mavda,TMPRSS2,ASAP-0008672,2.74,=,1,72
mavda,TMPRSS2,ASAP-0008672,2.69,=,1,72
mavda,TMPRSS2,ASAP-0008669,2.38,=,1,72
mavda,TMPRSS2,ASAP-0008669,3.53,=,1,72
mavda,TMPRSS2,ASAP-0008665,1.43,=,1,72
mavda,TMPRSS2,ASAP-0008665,1.39,=,1,72
mavda,TMPRSS2,ASAP-0008653,4.19,=,1,72
mavda,TMPRSS2,ASAP-0008653,4.13,=,1,72
mavda,TMPRSS2,ASAP-0008642,4.79,=,1,72
mavda,TMPRSS2,ASAP-0008642,7.65,=,1,72
mavda,TMPRSS2,ASAP-0008639,2.86,=,1,72
mavda,TMPRSS2,ASAP-0008639,3.96,=,1,72
mavda,TMPRSS2,ASAP-0008502,1.88,=,1,72
mavda,TMPRSS2,ASAP-0008502,2.44,=,1,72
mavda,TMPRSS2,ASAP-0008489,4,=,1,72
mavda,TMPRSS2,ASAP-0008489,4.09,=,1,72
mavda,TMPRSS2,ASAP-0008479,4.21,=,1,72
mavda,TMPRSS2,ASAP-0008479,4.04,=,1,72
mavda,TMPRSS2,ASAP-0008452,7.06,=,1,72
mavda,TMPRSS2,ASAP-0008452,7.14,=,1,72
mavda,TMPRSS2,ASAP-0008451,4.23,=,1,72
mavda,TMPRSS2,ASAP-0008451,4.21,=,1,72
mavda,TMPRSS2,ASAP-0008420,1.33,=,1,72
mavda,TMPRSS2,ASAP-0008420,1.33,=,1,72
mavda,TMPRSS2,ASAP-0008411,4.15,=,1,72
mavda,TMPRSS2,ASAP-0008411,4.15,=,1,72
mavda,TMPRSS2,ASAP-0008330,3.84,=,1,72
mavda,TMPRSS2,ASAP-0008330,3.86,=,1,72
mavda,TMPRSS2,ASAP-0008315,36,>,1,72
mavda,TMPRSS2,ASAP-0008315,36,>,1,72
mavda,TMPRSS2,ASAP-0008314,1.99,=,1,72
mavda,TMPRSS2,ASAP-0008314,1.91,=,1,72
mavda,TMPRSS2,ASAP-0008258,4.05,=,1,72
mavda,TMPRSS2,ASAP-0008258,4.28,=,1,72
mavda,TMPRSS2,ASAP-0000774,0.706,=,1,72
mavda,TMPRSS2,ASAP-0000774,0.932,=,1,72
mavda,TMPRSS2,ASAP-0000738,1.19,=,1,72
mavda,TMPRSS2,ASAP-0000738,1.25,=,1,72
mavda,TMPRSS2,ASAP-0000734,3.34,=,1,72
mavda,TMPRSS2,ASAP-0000734,3.56,=,1,72
mavda,TMPRSS2,ASAP-0000733,0.253,=,1,72
mavda,TMPRSS2,ASAP-0000733,0.216,=,1,72
mavda,TMPRSS2,ASAP-0000733,0.279,=,1,72
mavda,TMPRSS2,ASAP-0000733,0.253,=,1,72
mavda,TMPRSS2,ASAP-0000580,3.44,=,1,72
mavda,TMPRSS2,ASAP-0000580,3.5,=,1,72
mavda,TMPRSS2,ASAP-0000541,1.8,=,1,72
mavda,TMPRSS2,ASAP-0000541,1.41,=,1,72
mavda,TMPRSS2,ASAP-0000528,5.44,=,1,72
mavda,TMPRSS2,ASAP-0000528,5.71,=,1,72
mavda,TMPRSS2,ASAP-0000526,1.27,=,1,72
mavda,TMPRSS2,ASAP-0000526,1.33,=,1,72
mavda,TMPRSS2,ASAP-0000523,4.27,=,1,72
mavda,TMPRSS2,ASAP-0000523,4.12,=,1,72
mavda,TMPRSS2,ASAP-0000375,1.25,=,1,72
mavda,TMPRSS2,ASAP-0000375,1.25,=,1,72
mavda,TMPRSS2,ASAP-0000374,1.34,=,1,72
mavda,TMPRSS2,ASAP-0000374,1.3,=,1,72
mavda,TMPRSS2,ASAP-0000373,1.3,=,1,72
mavda,TMPRSS2,ASAP-0000373,1.28,=,1,72
mavda,TMPRSS2,ASAP-0000372,1.29,=,1,72
mavda,TMPRSS2,ASAP-0000372,1.31,=,1,72
mavda,TMPRSS2,ASAP-0000370,0.051,=,1,72
mavda,TMPRSS2,ASAP-0000370,0.052,=,1,72
mavda,TMPRSS2,ASAP-0000370,0.051,=,1,72
mavda,TMPRSS2,ASAP-0000370,0.051,=,1,72
mavda,TMPRSS2,ASAP-0000272,0.501,=,1,72
mavda,TMPRSS2,ASAP-0000272,0.707,=,1,72
mavda,TMPRSS2,ASAP-0000227,4.34,=,1,72
mavda,TMPRSS2,ASAP-0000227,4.32,=,1,72
mavda,TMPRSS2,ASAP-0000223,10.6,=,1,72
mavda,TMPRSS2,ASAP-0000223,4.62,=,1,72
mavda,TMPRSS2,ASAP-0000222,9.67,=,1,72
mavda,TMPRSS2,ASAP-0000222,7.47,=,1,72
mavda,TMPRSS2,ASAP-0000221,4.16,=,1,72
mavda,TMPRSS2,ASAP-0000221,4.1,=,1,72
mavda,TMPRSS2,ASAP-0000220,4.36,=,1,72
mavda,TMPRSS2,ASAP-0000220,4.14,=,1,72
mavda,TMPRSS2,ASAP-0000219,7.25,=,1,72
mavda,TMPRSS2,ASAP-0000219,6.34,=,1,72
mavda,TMPRSS2,ASAP-0000217,7.5,=,1,72
mavda,TMPRSS2,ASAP-0000217,6.92,=,1,72
mavda,TMPRSS2,ASAP-0000216,4.31,=,1,72
mavda,TMPRSS2,ASAP-0000216,2.79,=,1,72
mavda,TMPRSS2,ASAP-0000215,4.25,=,1,72
mavda,TMPRSS2,ASAP-0000215,4.21,=,1,72
mavda,TMPRSS2,ASAP-0000214,9.98,=,1,72
mavda,TMPRSS2,ASAP-0000214,8.76,=,1,72
mavda,TMPRSS2,ASAP-0000212,14.6,=,1,72
mavda,TMPRSS2,ASAP-0000212,11.8,=,1,72
mavda,TMPRSS2,ASAP-0000211,4.36,=,1,72
mavda,TMPRSS2,ASAP-0000211,4.22,=,1,72
mavda,TMPRSS2,ASAP-0000208,4.43,=,1,72
mavda,TMPRSS2,ASAP-0000208,4.35,=,1,72
mavda,TMPRSS2,ASAP-0000207,4.49,=,1,72
mavda,TMPRSS2,ASAP-0000207,4.41,=,1,72
mavda,TMPRSS2,ASAP-0000205,5.37,=,1,72
mavda,TMPRSS2,ASAP-0000205,5.51,=,1,72
mavda,TMPRSS2,ASAP-0000171,7.31,=,1,72
mavda,TMPRSS2,ASAP-0000171,6.65,=,1,72
mavda,TMPRSS2,ASAP-0000170,5.86,=,1,72
mavda,TMPRSS2,ASAP-0000170,5.77,=,1,72
mavda,TMPRSS2,ASAP-0000169,4.34,=,1,72
mavda,TMPRSS2,ASAP-0000169,4.31,=,1,72
mavda,TMPRSS2,ASAP-0000168,4.22,=,1,72
mavda,TMPRSS2,ASAP-0000168,4.42,=,1,72
mavda,TMPRSS2,ASAP-0000167,4.22,=,1,72
mavda,TMPRSS2,ASAP-0000167,4.3,=,1,72
mavda,TMPRSS2,ASAP-0000165,36,>,1,72
mavda,TMPRSS2,ASAP-0000165,36,>,1,72
mavda,TMPRSS2,ASAP-0000164,4.02,=,1,72
mavda,TMPRSS2,ASAP-0000164,2.96,=,1,72
mavda,TMPRSS2,ASAP-0000163,17.2,=,1,72
mavda,TMPRSS2,ASAP-0000163,12.3,=,1,72
mavda,TMPRSS2,ASAP-0000161,3.38,=,1,72
mavda,TMPRSS2,ASAP-0000161,3.7,=,1,72
mavda,TMPRSS2,ASAP-0000160,5.66,=,1,72
mavda,TMPRSS2,ASAP-0000160,5.32,=,1,72
mavda,TMPRSS2,ASAP-0000159,4.42,=,1,72
mavda,TMPRSS2,ASAP-0000159,4.26,=,1,72
mavda,TMPRSS2,ASAP-0000158,4.46,=,1,72
mavda,TMPRSS2,ASAP-0000158,4.36,=,1,72
mavda,TMPRSS2,ASAP-0000157,3.18,=,1,72
mavda,TMPRSS2,ASAP-0000157,1.57,=,1,72
mavda,TMPRSS2,ASAP-0000156,3.86,=,1,72
mavda,TMPRSS2,ASAP-0000156,3.93,=,1,72
mavda,TMPRSS2,ASAP-0000155,6.72,=,1,72
mavda,TMPRSS2,ASAP-0000155,6.63,=,1,72
mavda,TMPRSS2,ASAP-0000153,1.08,=,1,72
mavda,TMPRSS2,ASAP-0000153,1.14,=,1,72
mavda,TMPRSS2,ASAP-0000146,36,>,1,72
mavda,TMPRSS2,ASAP-0000146,36,>,1,72
mavda,TMPRSS2,ASAP-0000144,2.51,=,1,72
mavda,TMPRSS2,ASAP-0000144,1.52,=,1,72